2970,'S Gravenwezel,Oui,Anvers
3700,'S Herenelderen,Oui,Limbourg
9420,Aaigem,Oui,Flandre-Orientale
8511,Aalbeke,Oui,Flandre-Occidentale
3800,Aalst,Oui,Limbourg
9300,AALST,Non,Flandre-Orientale
9880,AALTER,Non,Flandre-Orientale
3200,AARSCHOT,Non,Brabant Flamand
8700,Aarsele,Oui,Flandre-Occidentale
8211,Aartrijke,Oui,Flandre-Occidentale
2630,AARTSELAAR,Non,Anvers
4557,Abée,Oui,Liège
4280,Abolens,Oui,Liège
3930,Achel,Oui,Limbourg
5590,Achêne,Oui,Namur
5362,Achet,Oui,Namur
4219,Acosse,Oui,Liège
6280,Acoz,Oui,Hainaut
9991,Adegem,Oui,Flandre-Orientale
8660,Adinkerke,Oui,Flandre-Occidentale
1790,AFFLIGEM,Non,Brabant Flamand
9051,Afsnee,Oui,Flandre-Orientale
5544,Agimont,Oui,Namur
4317,Aineffe,Oui,Liège
5310,Aische-En-Refail,Oui,Namur
6250,Aiseau,Oui,Hainaut
6250,AISEAU-PRESLES,Non,Hainaut
5070,Aisemont,Oui,Namur
3570,ALKEN,Non,Limbourg
5550,Alle,Oui,Namur
4432,Alleur,Oui,Liège
1652,Alsemberg,Oui,Brabant Flamand
8690,ALVERINGEM,Non,Flandre-Occidentale
4540,AMAY,Non,Liège
6680,Amberloup,Oui,Luxembourg
4770,AMBLÈVE,Non,Liège
6953,Ambly,Oui,Luxembourg
4219,Ambresin,Oui,Liège
6997,Amonines,Oui,Luxembourg
7750,Amougies,Oui,Hainaut
4540,Ampsin,Oui,Liège
5300,ANDENNE,Non,Namur
1070,ANDERLECHT,Non,Bruxelles (19 communes)
6150,ANDERLUES,Non,Hainaut
4821,Andrimont,Oui,Liège
4031,Angleur,Oui,Liège
7387,Angre,Oui,Hainaut
7387,Angreau,Oui,Hainaut
5537,ANHÉE,Non,Namur
6721,Anlier,Oui,Luxembourg
6890,Anloy,Oui,Luxembourg
5537,Annevoie-Rouillon,Oui,Namur
4430,ANS,Non,Liège
5500,Anseremme,Oui,Namur
7750,Anseroeul,Oui,Hainaut
5520,Anthée,Oui,Namur
4520,Antheit,Oui,Liège
4160,ANTHISNES,Non,Liège
7640,ANTOING,Non,Hainaut
2000,ANTWERPEN,Non,Anvers
2018,ANTWERPEN,Non,Anvers
2020,ANTWERPEN,Non,Anvers
2030,ANTWERPEN,Non,Anvers
2040,ANTWERPEN,Non,Anvers
2050,ANTWERPEN,Non,Anvers
2060,ANTWERPEN,Non,Anvers
7910,Anvaing,Oui,Hainaut
8570,ANZEGEM,Non,Flandre-Occidentale
9200,Appels,Oui,Flandre-Orientale
9400,Appelterre-Eichem,Oui,Flandre-Orientale
5170,Arbre,Oui,Namur
7811,Arbre,Oui,Hainaut
4990,Arbrefontaine,Oui,Liège
7910,Arc-Ainières,Oui,Hainaut
7910,Arc-Wattripont,Oui,Hainaut
1390,Archennes,Oui,Brabant Wallon
8850,ARDOOIE,Non,Flandre-Occidentale
2370,ARENDONK,Non,Anvers
4601,Argenteau,Oui,Liège
6700,ARLON,Non,Luxembourg
7181,Arquennes,Oui,Hainaut
5060,Arsimont,Oui,Namur
6870,Arville,Oui,Luxembourg
3665,AS,Non,Limbourg
9404,Aspelare,Oui,Flandre-Orientale
9890,Asper,Oui,Flandre-Orientale
7040,Asquillies,Oui,Hainaut
1730,ASSE,Non,Brabant Flamand
8310,Assebroek,Oui,Flandre-Occidentale
9960,ASSENEDE,Non,Flandre-Orientale
6860,Assenois,Oui,Luxembourg
3460,Assent,Oui,Brabant Flamand
5330,ASSESSE,Non,Namur
9800,Astene,Oui,Flandre-Orientale
7800,ATH,Non,Hainaut
7387,Athis,Oui,Hainaut
6791,Athus,Oui,Luxembourg
3404,Attenhoven,Oui,Brabant Flamand
3384,Attenrode,Oui,Brabant Flamand
6717,ATTERT,Non,Luxembourg
7941,Attre,Oui,Hainaut
6790,AUBANGE,Non,Luxembourg
7972,Aubechies,Oui,Hainaut
4880,AUBEL,Non,Liège
5660,Aublain,Oui,Namur
6880,Auby-Sur-Semois,Oui,Luxembourg
1160,AUDERGHEM,Non,Bruxelles (19 communes)
7382,Audregnies,Oui,Hainaut
7040,Aulnois,Oui,Hainaut
6706,Autelbas,Oui,Luxembourg
1367,Autre-Eglise,Oui,Brabant Wallon
7387,Autreppe,Oui,Hainaut
5060,Auvelais,Oui,Namur
5580,Ave-Et-Auffe,Oui,Namur
8630,Avekapelle,Oui,Flandre-Occidentale
8580,AVELGEM,Non,Flandre-Occidentale
4260,Avennes,Oui,Liège
3271,Averbode,Oui,Brabant Flamand
4280,Avernas-Le-Bauduin,Oui,Liège
4280,Avin,Oui,Liège
4340,AWANS,Non,Liège
6870,Awenne,Oui,Luxembourg
4400,Awirs,Oui,Liège
6900,Aye,Oui,Luxembourg
4630,Ayeneux,Oui,Liège
4920,AYWAILLE,Non,Liège
9890,Baaigem,Oui,Flandre-Orientale
3128,Baal,Oui,Brabant Flamand
9310,Baardegem,Oui,Flandre-Orientale
2387,BAARLE-HERTOG,Non,Anvers
9200,Baasrode,Oui,Flandre-Orientale
9800,Bachte-Maria-Leerne,Oui,Flandre-Orientale
4837,BAELEN,Non,Liège
5550,Bagimont,Oui,Namur
6464,Baileux,Oui,Hainaut
6460,Bailièvre,Oui,Hainaut
5555,Baillamont,Oui,Namur
7730,Bailleul,Oui,Hainaut
5377,Baillonville,Oui,Namur
7380,Baisieux,Oui,Hainaut
1470,Baisy-Thy,Oui,Brabant Wallon
5190,Balâtre,Oui,Namur
9860,Balegem,Oui,Flandre-Orientale
2490,BALEN,Non,Anvers
9420,Bambrugge,Oui,Flandre-Orientale
6951,Bande,Oui,Luxembourg
6500,Barbençon,Oui,Hainaut
4671,Barchon,Oui,Liège
5570,Baronville,Oui,Namur
7534,Barry,Oui,Hainaut
5370,Barvaux-Condroz,Oui,Namur
6940,Barvaux-Sur-Ourthe,Oui,Luxembourg
4520,Bas-Oha,Oui,Liège
7784,Bas-Warneton,Oui,Hainaut
7971,Basècles,Oui,Hainaut
4983,Basse-Bodeux,Oui,Liège
4690,BASSENGE,Non,Liège
9968,Bassevelde,Oui,Flandre-Orientale
7830,Bassilly,Oui,Hainaut
6600,BASTOGNE,Non,Luxembourg
3870,Batsheers,Oui,Limbourg
4651,Battice,Oui,Liège
7130,Battignies,Oui,Hainaut
7331,Baudour,Oui,Hainaut
7870,Bauffe,Oui,Hainaut
7604,Baugnies,Oui,Hainaut
1401,Baulers,Oui,Brabant Wallon
9520,Bavegem,Oui,Flandre-Orientale
8531,Bavikhove,Oui,Flandre-Occidentale
9150,Bazel,Oui,Flandre-Orientale
4052,Beaufays,Oui,Liège
6500,BEAUMONT,Non,Hainaut
5570,BEAURAING,Non,Namur
6980,Beausaint,Oui,Luxembourg
1320,BEAUVECHAIN,Non,Brabant Wallon
6594,Beauwelz,Oui,Hainaut
7532,Beclers,Oui,Hainaut
3960,Beek,Oui,Limbourg
9630,Beerlegem,Oui,Flandre-Orientale
8730,BEERNEM,Non,Flandre-Occidentale
2340,BEERSE,Non,Anvers
1650,BEERSEL,Non,Brabant Flamand
8600,Beerst,Oui,Flandre-Occidentale
1673,Beert,Oui,Brabant Flamand
9080,Beervelde,Oui,Flandre-Orientale
2580,Beerzel,Oui,Anvers
5000,Beez,Oui,Namur
6987,Beffe,Oui,Luxembourg
3130,BEGIJNENDIJK,Non,Brabant Flamand
6672,Beho,Oui,Luxembourg
1852,Beigem,Oui,Brabant Flamand
8480,Bekegem,Oui,Flandre-Occidentale
1730,Bekkerzeel,Oui,Brabant Flamand
3460,BEKKEVOORT,Non,Brabant Flamand
5001,Belgrade,Oui,Namur
4610,Bellaire,Oui,Liège
7170,Bellecourt,Oui,Hainaut
5555,Bellefontaine,Oui,Namur
6730,Bellefontaine,Oui,Luxembourg
8510,Bellegem,Oui,Flandre-Occidentale
9881,Bellem,Oui,Flandre-Orientale
6834,Bellevaux,Oui,Luxembourg
4960,Bellevaux-Ligneuville,Oui,Liège
1674,Bellingen,Oui,Brabant Flamand
7970,BELOEIL,Non,Hainaut
9111,Belsele,Oui,Flandre-Orientale
4500,Ben-Ahin,Oui,Liège
6941,Bende,Oui,Luxembourg
3540,Berbroek,Oui,Limbourg
2600,Berchem,Oui,Anvers
9690,Berchem,Oui,Flandre-Orientale
1082,BERCHEM-SAINTE-AGATHE,Non,Bruxelles (19 communes)
2040,Berendrecht,Oui,Anvers
1910,Berg,Oui,Brabant Flamand
3700,Berg,Oui,Limbourg
4360,Bergilers,Oui,Liège
3580,BERINGEN,Non,Limbourg
2590,BERLAAR,Non,Anvers
9290,BERLARE,Non,Flandre-Orientale
3830,Berlingen,Oui,Limbourg
4257,BERLOZ,Non,Liège
4607,Berneau,Oui,Liège
7320,BERNISSART,Non,Hainaut
6560,Bersillies-L'Abbaye,Oui,Hainaut
3060,BERTEM,Non,Brabant Flamand
6687,BERTOGNE,Non,Luxembourg
4280,Bertrée,Oui,Liège
6880,BERTRIX,Non,Luxembourg
5651,Berzée,Oui,Namur
8980,Beselare,Oui,Flandre-Occidentale
3130,Betekom,Oui,Brabant Flamand
4300,Bettincourt,Oui,Liège
5030,Beuzet,Oui,Namur
2560,Bevel,Oui,Anvers
4960,Bevercé,Oui,Liège
9700,Bevere,Oui,Flandre-Orientale
8791,Beveren,Oui,Flandre-Occidentale
8800,Beveren,Oui,Flandre-Occidentale
8691,Beveren-Aan-De-Ijzer,Oui,Flandre-Occidentale
9120,BEVEREN-WAAS,Non,Flandre-Orientale
3581,Beverlo,Oui,Limbourg
3740,Beverst,Oui,Limbourg
4610,BEYNE-HEUSAY,Non,Liège
6543,Bienne-Lez-Happart,Oui,Hainaut
3360,BIERBEEK,Non,Brabant Flamand
6533,Biercée,Oui,Hainaut
1301,Bierges,Oui,Brabant Wallon
1430,Bierghes,Oui,Brabant Wallon
4460,Bierset,Oui,Liège
5380,Bierwart,Oui,Namur
5640,Biesme,Oui,Namur
6531,Biesme-Sous-Thuin,Oui,Hainaut
5640,Biesmerée,Oui,Namur
1547,BIÉVÈNE,Non,Brabant Flamand
5555,BIÈVRE,Non,Namur
1390,Biez,Oui,Brabant Wallon
6690,Bihain,Oui,Luxembourg
8920,Bikschote,Oui,Flandre-Occidentale
4831,Bilstain,Oui,Liège
3740,BILZEN,Non,Limbourg
7130,BINCHE,Non,Hainaut
3850,Binderveld,Oui,Limbourg
3211,Binkom,Oui,Brabant Flamand
5537,Bioul,Oui,Namur
8501,Bissegem,Oui,Flandre-Occidentale
7783,Bizet,Oui,Hainaut
2830,Blaasveld,Oui,Anvers
5542,Blaimont,Oui,Namur
7522,Blandain,Oui,Hainaut
3052,Blanden,Oui,Brabant Flamand
8370,BLANKENBERGE,Non,Flandre-Occidentale
7040,Blaregnies,Oui,Hainaut
7321,Blaton,Oui,Hainaut
7370,Blaugies,Oui,Hainaut
4670,BLÉGNY,Non,Liège
7620,Bléharies,Oui,Hainaut
4280,Blehen,Oui,Liège
6760,Bleid,Oui,Luxembourg
4300,Bleret,Oui,Liège
7903,Blicquy,Oui,Hainaut
3950,BOCHOLT,Non,Limbourg
4537,Bodegnée,Oui,Liège
2530,BOECHOUT,Non,Anvers
3890,Boekhout,Oui,Limbourg
9961,Boekhoute,Oui,Flandre-Orientale
4250,Boëlhe,Oui,Liège
8904,Boezinge,Oui,Flandre-Occidentale
1670,Bogaarden,Oui,Brabant Flamand
5550,Bohan,Oui,Namur
5140,Boignée,Oui,Namur
4690,Boirs,Oui,Liège
7170,Bois-D'Haine,Oui,Hainaut
7866,Bois-De-Lessines,Oui,Hainaut
5170,Bois-De-Villers,Oui,Namur
4560,Bois-Et-Borsu,Oui,Liège
5310,Bolinne,Oui,Namur
4653,Bolland,Oui,Liège
1367,Bomal,Oui,Brabant Wallon
6941,Bomal-Sur-Ourthe,Oui,Luxembourg
4607,Bombaye,Oui,Liège
3840,Bommershoven,Oui,Limbourg
7603,Bon-Secours,Oui,Hainaut
4100,Boncelles,Oui,Liège
5310,Boneffe,Oui,Namur
2820,BONHEIDEN,Non,Anvers
5021,Boninne,Oui,Namur
1325,Bonlez,Oui,Brabant Wallon
6700,Bonnert,Oui,Luxembourg
5300,Bonneville,Oui,Namur
5377,Bonsin,Oui,Namur
2221,Booischot,Oui,Anvers
8630,Booitshoeke,Oui,Flandre-Occidentale
2850,BOOM,Non,Anvers
3631,Boorsem,Oui,Limbourg
3190,BOORTMEERBEEK,Non,Brabant Flamand
1761,Borchtlombeek,Oui,Brabant Flamand
2140,Borgerhout,Oui,Anvers
3840,BORGLOON,Non,Limbourg
4317,Borlez,Oui,Liège
3891,Borlo,Oui,Limbourg
6941,Borlon,Oui,Luxembourg
2880,BORNEM,Non,Anvers
1404,Bornival,Oui,Brabant Wallon
2150,BORSBEEK,Non,Anvers
9552,Borsbeke,Oui,Flandre-Orientale
5032,Bossière,Oui,Namur
8583,Bossuit,Oui,Flandre-Occidentale
1390,Bossut-Gottechain,Oui,Brabant Wallon
3300,Bost,Oui,Brabant Flamand
5032,Bothey,Oui,Namur
9820,Bottelare,Oui,Flandre-Orientale
6200,Bouffioulx,Oui,Hainaut
5004,Bouge,Oui,Namur
7040,Bougnies,Oui,Hainaut
6830,BOUILLON,Non,Luxembourg
6464,Bourlers,Oui,Hainaut
5575,Bourseigne-Neuve,Oui,Namur
5575,Bourseigne-Vieille,Oui,Namur
7110,Boussoit,Oui,Hainaut
7300,BOUSSU,Non,Hainaut
5660,Boussu-En-Fagne,Oui,Namur
6440,Boussu-Lez-Walcourt,Oui,Hainaut
1470,Bousval,Oui,Brabant Wallon
3370,BOUTERSEM,Non,Brabant Flamand
5500,Bouvignes-Sur-Meuse,Oui,Namur
7803,Bouvignies,Oui,Hainaut
2288,Bouwel,Oui,Anvers
8680,Bovekerke,Oui,Flandre-Occidentale
3870,Bovelingen,Oui,Limbourg
4300,Bovenistier,Oui,Liège
5081,Bovesse,Oui,Namur
6671,Bovigny,Oui,Luxembourg
4990,Bra,Oui,Liège
7604,Braffe,Oui,Hainaut
5590,Braibant,Oui,Namur
1420,BRAINE-L'ALLEUD,Non,Brabant Wallon
1440,BRAINE-LE-CHÂTEAU,Non,Brabant Wallon
7090,BRAINE-LE-COMTE,Non,Hainaut
4260,BRAIVES,Non,Liège
9660,BRAKEL,Non,Flandre-Orientale
5310,Branchon,Oui,Namur
6800,Bras,Oui,Luxembourg
7604,Brasmenil,Oui,Hainaut
2930,BRASSCHAAT,Non,Anvers
7130,Bray,Oui,Hainaut
2960,BRECHT,Non,Anvers
8450,BREDENE,Non,Flandre-Occidentale
3960,BREE,Non,Limbourg
2870,Breendonk,Oui,Anvers
4020,Bressoux,Oui,Liège
8900,Brielen,Oui,Flandre-Occidentale
2520,Broechem,Oui,Anvers
3840,Broekom,Oui,Limbourg
7940,BRUGELETTE,Non,Hainaut
8000,BRUGGE,Non,Flandre-Occidentale
5660,Brûly,Oui,Namur
5660,Brûly-De-Pesche,Oui,Namur
7620,BRUNEHAUT,Non,Hainaut
1785,Brussegem,Oui,Brabant Flamand
3800,Brustem,Oui,Limbourg
1000,BRUXELLES,Non,Bruxelles (19 communes)
7641,Bruyelle,Oui,Hainaut
6222,Brye,Oui,Hainaut
3440,Budingen,Oui,Brabant Flamand
9255,BUGGENHOUT,Non,Flandre-Orientale
7911,Buissenal,Oui,Hainaut
5580,Buissonville,Oui,Namur
1501,Buizingen,Oui,Brabant Flamand
1910,Buken,Oui,Brabant Flamand
4760,BULLANGE,Non,Liège
8630,Bulskamp,Oui,Flandre-Occidentale
3380,Bunsbeek,Oui,Brabant Flamand
2070,Burcht,Oui,Anvers
4210,BURDINNE,Non,Liège
6927,Bure,Oui,Luxembourg
4790,BURG-REULAND,Non,Liège
9420,Burst,Oui,Flandre-Orientale
7602,Bury,Oui,Hainaut
4750,BUTGENBACH,Non,Liège
3891,Buvingen,Oui,Limbourg
7133,Buvrinnes,Oui,Hainaut
6743,Buzenol,Oui,Luxembourg
6230,Buzet,Oui,Hainaut
7604,Callenelle,Oui,Hainaut
7642,Calonne,Oui,Hainaut
7940,Cambron-Casteau,Oui,Hainaut
7870,Cambron-Saint-Vincent,Oui,Hainaut
6850,Carlsbourg,Oui,Luxembourg
7141,Carnières,Oui,Hainaut
7061,Casteau,Oui,Hainaut
5650,Castillon,Oui,Namur
4317,Celles,Oui,Liège
5561,Celles,Oui,Namur
7760,CELLES,Non,Hainaut
4632,Cérexhe-Heuseux,Oui,Liège
5630,CERFONTAINE,Non,Namur
1341,Céroux-Mousty,Oui,Brabant Wallon
4650,Chaineux,Oui,Liège
5550,Chairière,Oui,Namur
5020,Champion,Oui,Namur
6971,Champlon,Oui,Luxembourg
6921,Chanly,Oui,Luxembourg
6742,Chantemelle,Oui,Luxembourg
7903,Chapelle-À-Oie,Oui,Hainaut
7903,Chapelle-À-Wattines,Oui,Hainaut
7160,CHAPELLE-LEZ-HERLAIMONT,Non,Hainaut
4537,Chapon-Seraing,Oui,Liège
6000,CHARLEROI,Non,Hainaut
4654,Charneux,Oui,Liège
6824,Chassepierre,Oui,Luxembourg
1450,CHASTRE,Non,Brabant Wallon
1450,Chastre-Villeroux-Blanmont,Oui,Brabant Wallon
5650,Chastrès,Oui,Namur
6200,CHÂTELET,Non,Hainaut
6200,Châtelineau,Oui,Hainaut
6747,Châtillon,Oui,Luxembourg
4050,CHAUDFONTAINE,Non,Liège
1325,CHAUMONT-GISTOUX,Non,Brabant Wallon
7063,Chaussée-Notre-Dame-Louvignies,Oui,Hainaut
4032,Chênee,Oui,Liège
6673,Cherain,Oui,Luxembourg
4602,Cheratte,Oui,Liège
7521,Chercq,Oui,Hainaut
5590,Chevetogne,Oui,Namur
4987,Chevron,Oui,Liège
7950,CHIÈVRES,Non,Hainaut
6460,CHIMAY,Non,Hainaut
6810,CHINY,Non,Luxembourg
4400,Chokier,Oui,Liège
5560,Ciergnon,Oui,Namur
5590,CINEY,Non,Namur
4260,Ciplet,Oui,Liège
7024,Ciply,Oui,Hainaut
1480,Clabecq,Oui,Brabant Wallon
4560,CLAVIER,Non,Liège
4890,Clermont,Oui,Liège
5650,Clermont,Oui,Namur
4480,Clermont-Sous-Huy,Oui,Liège
5022,Cognelée,Oui,Namur
7340,COLFONTAINE,Non,Hainaut
4170,COMBLAIN-AU-PONT,Non,Liège
4180,Comblain-Fairon,Oui,Liège
4180,Comblain-La-Tour,Oui,Liège
7780,Comines,Oui,Hainaut
7780,COMINES-WARNETON,Non,Hainaut
5590,Conneux,Oui,Namur
1435,Corbais,Oui,Brabant Wallon
6838,Corbion,Oui,Luxembourg
7910,Cordes,Oui,Hainaut
5620,Corenne,Oui,Namur
4860,Cornesse,Oui,Liège
5555,Cornimont,Oui,Namur
5032,Corroy-Le-Château,Oui,Namur
1325,Corroy-Le-Grand,Oui,Brabant Wallon
4257,Corswarem,Oui,Liège
1450,Cortil-Noirmont,Oui,Brabant Wallon
5380,Cortil-Wodon,Oui,Namur
6010,Couillet,Oui,Hainaut
6120,Cour-Sur-Heure,Oui,Hainaut
6180,COURCELLES,Non,Hainaut
5336,Courrière,Oui,Namur
1490,COURT-SAINT-ETIENNE,Non,Brabant Wallon
4218,Couthuin,Oui,Liège
5300,Coutisse,Oui,Namur
1380,Couture-Saint-Germain,Oui,Brabant Wallon
5660,COUVIN,Non,Namur
4280,Cras-Avernas,Oui,Liège
4280,Crehen,Oui,Liège
4367,CRISNÉE,Non,Liège
7120,Croix-Lez-Rouveroy,Oui,Hainaut
4784,Crombach,Oui,Liège
5332,Crupet,Oui,Namur
7033,Cuesmes,Oui,Hainaut
6880,Cugnon,Oui,Luxembourg
5660,Cul-Des-Sarts,Oui,Namur
5562,Custinne,Oui,Namur
8890,Dadizele,Oui,Flandre-Occidentale
5660,Dailly,Oui,Namur
9160,Daknam,Oui,Flandre-Orientale
4607,DALHEM,Non,Liège
8340,DAMME,Non,Flandre-Occidentale
6767,Dampicourt,Oui,Luxembourg
6020,Dampremy,Oui,Hainaut
4253,Darion,Oui,Liège
5630,Daussois,Oui,Namur
5020,Daussoulx,Oui,Namur
5100,Dave,Oui,Namur
6929,DAVERDISSE,Non,Luxembourg
8420,DE HAAN,Non,Flandre-Occidentale
9170,De Klinge,Oui,Flandre-Orientale
8630,De Moeren,Oui,Flandre-Occidentale
8660,DE PANNE,Non,Flandre-Occidentale
9840,DE PINTE,Non,Flandre-Orientale
8540,DEERLIJK,Non,Flandre-Occidentale
9570,Deftinge,Oui,Flandre-Orientale
9800,DEINZE,Non,Flandre-Orientale
9280,Denderbelle,Oui,Flandre-Orientale
9450,Denderhoutem,Oui,Flandre-Orientale
9470,DENDERLEEUW,Non,Flandre-Orientale
9200,DENDERMONDE,Non,Flandre-Orientale
9400,Denderwindeke,Oui,Flandre-Orientale
5537,Denée,Oui,Namur
8720,DENTERGEM,Non,Flandre-Occidentale
7912,Dergneau,Oui,Hainaut
2480,DESSEL,Non,Anvers
8792,Desselgem,Oui,Flandre-Occidentale
9070,DESTELBERGEN,Non,Flandre-Orientale
9042,Desteldonk,Oui,Flandre-Orientale
9831,Deurle,Oui,Flandre-Orientale
2100,Deurne,Oui,Anvers
3290,Deurne,Oui,Brabant Flamand
7864,Deux-Acren,Oui,Hainaut
5310,Dhuy,Oui,Namur
1831,Diegem,Oui,Brabant Flamand
3590,DIEPENBEEK,Non,Limbourg
3290,DIEST,Non,Brabant Flamand
3700,Diets-Heur,Oui,Limbourg
8900,Dikkebus,Oui,Flandre-Occidentale
9630,Dikkele,Oui,Flandre-Orientale
9890,Dikkelvenne,Oui,Flandre-Orientale
8600,DIKSMUIDE,Non,Flandre-Occidentale
1700,DILBEEK,Non,Brabant Flamand
3650,Dilsen,Oui,Limbourg
3650,DILSEN-STOKKEM,Non,Limbourg
5500,DINANT,Non,Namur
5570,Dion,Oui,Namur
1325,Dion-Valmont,Oui,Brabant Wallon
4820,DISON,Non,Liège
6960,Dochamps,Oui,Luxembourg
9130,Doel,Oui,Flandre-Orientale
6836,Dohan,Oui,Luxembourg
5680,DOISCHE,Non,Namur
4140,Dolembreux,Oui,Liège
4357,DONCEEL,Non,Liège
1370,Dongelberg,Oui,Brabant Wallon
3540,Donk,Oui,Limbourg
6536,Donstiennes,Oui,Hainaut
5530,Dorinne,Oui,Namur
3440,Dormaal,Oui,Brabant Flamand
7711,Dottignies,Oui,Hainaut
7370,DOUR,Non,Hainaut
5670,Dourbes,Oui,Namur
8951,Dranouter,Oui,Flandre-Occidentale
5500,Dréhance,Oui,Namur
8600,Driekapellen,Oui,Flandre-Occidentale
3350,Drieslinter,Oui,Brabant Flamand
1620,DROGENBOS,Non,Brabant Flamand
9031,Drongen,Oui,Flandre-Orientale
8380,Dudzele,Oui,Flandre-Occidentale
2570,DUFFEL,Non,Anvers
3080,Duisburg,Oui,Brabant Flamand
3803,Duras,Oui,Limbourg
6940,DURBUY,Non,Luxembourg
5530,Durnal,Oui,Namur
1653,Dworp,Oui,Brabant Flamand
4690,Eben-Emael,Oui,Liège
6860,Ebly,Oui,Luxembourg
7190,ECAUSSINNES,Non,Hainaut
7190,Ecaussinnes-D'Enghien,Oui,Hainaut
7191,Ecaussinnes-Lalaing,Oui,Hainaut
2650,EDEGEM,Non,Anvers
9700,Edelare,Oui,Flandre-Orientale
9900,EEKLO,Non,Flandre-Orientale
8480,Eernegem,Oui,Flandre-Occidentale
8740,Egem,Oui,Flandre-Occidentale
8630,Eggewaartskapelle,Oui,Flandre-Occidentale
5310,EGHEZÉE,Non,Namur
4120,Ehein,Oui,Liège
4480,Ehein,Oui,Liège
3740,Eigenbilzen,Oui,Limbourg
2430,Eindhout,Oui,Anvers
9700,Eine,Oui,Flandre-Orientale
3630,Eisden,Oui,Limbourg
9810,Eke,Oui,Flandre-Orientale
2180,Ekeren,Oui,Anvers
9160,Eksaarde,Oui,Flandre-Orientale
3941,Eksel,Oui,Limbourg
3650,Elen,Oui,Limbourg
9620,Elene,Oui,Flandre-Orientale
1982,Elewijt,Oui,Brabant Flamand
3400,Eliksem,Oui,Brabant Flamand
1671,Elingen,Oui,Brabant Flamand
4590,Ellemelle,Oui,Liège
7890,ELLEZELLES,Non,Hainaut
7910,Ellignies-Lez-Frasnes,Oui,Hainaut
7972,Ellignies-Saint-Anne,Oui,Hainaut
3670,Ellikom,Oui,Limbourg
7370,Elouges,Oui,Hainaut
9790,Elsegem,Oui,Flandre-Orientale
4750,Elsenborn,Oui,Liège
9660,Elst,Oui,Flandre-Orientale
8906,Elverdinge,Oui,Flandre-Occidentale
9140,Elversele,Oui,Flandre-Orientale
2520,Emblem,Oui,Anvers
4053,Embourg,Oui,Liège
8870,Emelgem,Oui,Flandre-Occidentale
5080,Emines,Oui,Namur
5363,Emptinne,Oui,Namur
9700,Ename,Oui,Flandre-Orientale
3800,Engelmanshoven,Oui,Limbourg
7850,ENGHIEN,Non,Hainaut
4480,ENGIS,Non,Liège
1350,Enines,Oui,Brabant Wallon
4800,Ensival,Oui,Liège
7134,Epinois,Oui,Hainaut
1980,Eppegem,Oui,Brabant Flamand
5580,Eprave,Oui,Namur
7050,Erbaut,Oui,Hainaut
7050,Erbisoeul,Oui,Hainaut
7500,Ere,Oui,Hainaut
9320,Erembodegem,Oui,Flandre-Orientale
6997,EREZÉE,Non,Luxembourg
5644,Ermeton-Sur-Biert,Oui,Namur
5030,Ernage,Oui,Namur
6972,Erneuville,Oui,Luxembourg
4920,Ernonheid,Oui,Liège
9420,Erondegem,Oui,Flandre-Orientale
9420,Erpe,Oui,Flandre-Orientale
9420,ERPE-MERE,Non,Flandre-Orientale
5101,Erpent,Oui,Namur
6441,Erpion,Oui,Hainaut
3071,Erps-Kwerps,Oui,Brabant Flamand
6560,ERQUELINNES,Non,Hainaut
7387,Erquennes,Oui,Hainaut
9940,Ertvelde,Oui,Flandre-Orientale
9620,Erwetegem,Oui,Flandre-Orientale
7760,Escanaffles,Oui,Hainaut
8600,Esen,Oui,Flandre-Occidentale
4130,ESNEUX,Non,Liège
8587,Espierres,Oui,Flandre-Occidentale
8587,ESPIERRES-HELCHIN,Non,Flandre-Occidentale
7502,Esplechin,Oui,Hainaut
7743,Esquelmes,Oui,Hainaut
2910,ESSEN,Non,Anvers
1790,Essene,Oui,Brabant Flamand
7730,Estaimbourg,Oui,Hainaut
7730,ESTAIMPUIS,Non,Hainaut
7120,ESTINNES,Non,Hainaut
7120,Estinnes-Au-Mont,Oui,Hainaut
7120,Estinnes-Au-Val,Oui,Hainaut
6740,ETALLE,Non,Luxembourg
6760,Ethe,Oui,Luxembourg
9680,Etikhove,Oui,Flandre-Orientale
8460,Ettelgem,Oui,Flandre-Occidentale
1040,ETTERBEEK,Non,Bruxelles (19 communes)
7080,Eugies,Oui,Hainaut
4700,EUPEN,Non,Liège
4631,Evegnée,Oui,Liège
5350,Evelette,Oui,Namur
9660,Everbeek,Oui,Flandre-Orientale
3078,Everberg,Oui,Brabant Flamand
1140,EVERE,Non,Bruxelles (19 communes)
9940,EVERGEM,Non,Flandre-Orientale
7730,Evregnies,Oui,Hainaut
5530,Evrehailles,Oui,Namur
4731,Eynatten,Oui,Liège
3400,Ezemaal,Oui,Brabant Flamand
5600,Fagnolle,Oui,Namur
4317,FAIMES,Non,Liège
5522,Falaen,Oui,Namur
5060,Falisolle,Oui,Namur
4260,Fallais,Oui,Liège
5500,Falmagne,Oui,Namur
5500,Falmignoul,Oui,Namur
7181,Familleureux,Oui,Hainaut
6240,FARCIENNES,Non,Hainaut
5340,Faulx-Les-Tombes,Oui,Namur
7120,Fauroeulx,Oui,Hainaut
6637,FAUVILLERS,Non,Luxembourg
4950,Faymonville,Oui,Liège
6856,Fays-Les-Veneurs,Oui,Luxembourg
7387,Fayt-Le-Franc,Oui,Hainaut
7170,Fayt-Lez-Manage,Oui,Hainaut
5570,Felenne,Oui,Namur
7181,Feluy,Oui,Hainaut
4607,Feneur,Oui,Liège
5380,FERNELMONT,Non,Namur
4190,FERRIÈRES,Non,Liège
5570,Feschaux,Oui,Namur
4347,FEXHE-LE-HAUT-CLOCHER,Non,Liège
4458,Fexhe-Slins,Oui,Liège
4181,Filot,Oui,Liège
5560,Finnevaux,Oui,Namur
4530,Fize-Fontaine,Oui,Liège
4367,Fize-Le-Marsal,Oui,Liège
6686,Flamierge,Oui,Luxembourg
5620,Flavion,Oui,Namur
5020,Flawinne,Oui,Namur
4400,FLÉMALLE,Non,Liège
4400,Flémalle-Grande,Oui,Liège
4400,Flémalle-Haute,Oui,Liège
7012,Flénu,Oui,Hainaut
4620,FLÉRON,Non,Liège
6220,FLEURUS,Non,Hainaut
7880,FLOBECQ,Non,Hainaut
4540,Flône,Oui,Liège
5334,Florée,Oui,Namur
5150,FLOREFFE,Non,Namur
5620,FLORENNES,Non,Namur
6820,FLORENVILLE,Non,Luxembourg
5150,Floriffoux,Oui,Namur
5370,Flostoy,Oui,Namur
5572,Focant,Oui,Namur
1350,Folx-Les-Caves,Oui,Brabant Wallon
6140,FONTAINE-L'EVÊQUE,Non,Hainaut
6567,Fontaine-Valmont,Oui,Hainaut
5650,Fontenelle,Oui,Namur
6820,Fontenoille,Oui,Luxembourg
7643,Fontenoy,Oui,Hainaut
4340,Fooz,Oui,Liège
6141,Forchies-La-Marche,Oui,Hainaut
1190,FOREST,Non,Bruxelles (19 communes)
7910,Forest,Oui,Hainaut
4870,Forêt,Oui,Liège
6596,Forge-Philippe,Oui,Hainaut
6464,Forges,Oui,Hainaut
6953,Forrières,Oui,Luxembourg
5380,Forville,Oui,Namur
4980,Fosse,Oui,Liège
5070,FOSSES-LA-VILLE,Non,Namur
7830,Fouleng,Oui,Hainaut
6440,Fourbechies,Oui,Hainaut
3798,Fouron-Le-Comte,Oui,Limbourg
3790,Fouron-Saint-Martin,Oui,Limbourg
3792,Fouron-Saint-Pierre,Oui,Limbourg
3790,FOURONS,Non,Limbourg
5504,Foy-Notre-Dame,Oui,Namur
4870,Fraipont,Oui,Liège
5650,Fraire,Oui,Namur
4557,Fraiture,Oui,Liège
7080,FRAMERIES,Non,Hainaut
6853,Framont,Oui,Luxembourg
5380,Franc-Waret,Oui,Namur
5600,Franchimont,Oui,Namur
4970,Francorchamps,Oui,Liège
5150,Franière,Oui,Namur
5660,Frasnes,Oui,Namur
7910,FRASNES-LEZ-ANVAING,Non,Hainaut
7911,Frasnes-Lez-Buissenal,Oui,Hainaut
6210,Frasnes-Lez-Gosselies,Oui,Hainaut
4347,Freloux,Oui,Liège
6800,Freux,Oui,Luxembourg
6440,FROIDCHAPELLE,Non,Hainaut
5576,Froidfontaine,Oui,Namur
7504,Froidmont,Oui,Hainaut
6990,Fronville,Oui,Luxembourg
7503,Froyennes,Oui,Hainaut
4260,Fumal,Oui,Liège
5500,Furfooz,Oui,Namur
5641,Furnaux,Oui,Namur
1750,Gaasbeek,Oui,Brabant Flamand
7943,Gages,Oui,Hainaut
7906,Gallaix,Oui,Hainaut
1570,GALMAARDEN,Non,Brabant Flamand
1083,GANSHOREN,Non,Bruxelles (19 communes)
7530,Gaurain-Ramecroix,Oui,Hainaut
9890,GAVERE,Non,Flandre-Orientale
5575,GEDINNE,Non,Namur
2440,GEEL,Non,Anvers
4250,GEER,Non,Liège
1367,Geest-Gérompont-Petit-Rosière,Oui,Brabant Wallon
3450,GEETBETS,Non,Brabant Flamand
5024,Gelbressée,Oui,Namur
3800,Gelinden,Oui,Limbourg
3620,Gellik,Oui,Limbourg
3200,Gelrode,Oui,Brabant Flamand
8980,Geluveld,Oui,Flandre-Occidentale
8940,Geluwe,Oui,Flandre-Occidentale
6929,Gembes,Oui,Luxembourg
5030,GEMBLOUX,Non,Namur
4851,Gemmenich,Oui,Liège
1470,GENAPPE,Non,Brabant Wallon
3600,GENK,Non,Limbourg
7040,Genly,Oui,Hainaut
3770,Genoelselderen,Oui,Limbourg
9000,GENT,Non,Flandre-Orientale
9050,Gentbrugge,Oui,Flandre-Orientale
1450,Gentinnes,Oui,Brabant Wallon
1332,Genval,Oui,Brabant Wallon
9500,GERAARDSBERGEN,Non,Flandre-Orientale
3960,Gerdingen,Oui,Limbourg
5524,Gerin,Oui,Namur
1367,Gérompont,Oui,Brabant Wallon
6769,Gérouville,Oui,Luxembourg
6280,GERPINNES,Non,Hainaut
2590,Gestel,Oui,Anvers
5340,GESVES,Non,Namur
7822,Ghislenghien,Oui,Hainaut
7011,Ghlin,Oui,Hainaut
7863,Ghoy,Oui,Hainaut
7823,Gibecq,Oui,Hainaut
2275,Gierle,Oui,Anvers
8691,Gijverinkhove,Oui,Flandre-Occidentale
9308,Gijzegem,Oui,Flandre-Orientale
8570,Gijzelbrechtegem,Oui,Flandre-Occidentale
9860,Gijzenzele,Oui,Flandre-Orientale
6060,Gilly,Oui,Hainaut
5680,Gimnée,Oui,Namur
3890,GINGELOM,Non,Limbourg
8470,GISTEL,Non,Flandre-Occidentale
8830,Gits,Oui,Flandre-Occidentale
7041,Givry,Oui,Hainaut
1473,Glabais,Oui,Brabant Wallon
3380,GLABBEEK,Non,Brabant Flamand
4000,Glain,Oui,Liège
4400,Gleixhe,Oui,Liège
1315,Glimes,Oui,Brabant Wallon
4690,Glons,Oui,Liège
5680,Gochenée,Oui,Namur
7160,Godarville,Oui,Hainaut
5530,Godinne,Oui,Namur
9620,Godveerdegem,Oui,Flandre-Orientale
4834,Goé,Oui,Liège
9500,Goeferdinge,Oui,Flandre-Orientale
7040,Goegnies-Chaussée,Oui,Hainaut
5353,Goesnes,Oui,Namur
3300,Goetsenhoven,Oui,Brabant Flamand
4140,Gomzé-Andoumont,Oui,Liège
7830,Gondregnies,Oui,Hainaut
5660,Gonrieux,Oui,Namur
9090,Gontrode,Oui,Flandre-Orientale
1755,GOOIK,Non,Brabant Flamand
3840,Gors-Opleeuw,Oui,Limbourg
3803,Gorsem,Oui,Limbourg
6041,Gosselies,Oui,Hainaut
3840,Gotem,Oui,Limbourg
9800,Gottem,Oui,Flandre-Orientale
7070,Gottignies,Oui,Hainaut
6280,Gougnies,Oui,Hainaut
5651,Gourdinne,Oui,Namur
6030,Goutroux,Oui,Hainaut
6670,GOUVY,Non,Luxembourg
6181,Gouy-Lez-Piéton,Oui,Hainaut
6534,Gozée,Oui,Hainaut
4460,Grâce-Berleur,Oui,Liège
4460,GRÂCE-HOLLOGNE,Non,Liège
5555,Graide,Oui,Namur
9800,Grammene,Oui,Flandre-Orientale
4300,Grand-Axhe,Oui,Liège
4280,Grand-Hallet,Oui,Liège
6698,Grand-Halleux,Oui,Luxembourg
5031,Grand-Leez,Oui,Namur
5030,Grand-Manil,Oui,Namur
4650,Grand-Rechain,Oui,Liège
6560,Grand-Reng,Oui,Hainaut
1367,Grand-Rosière-Hottomont,Oui,Brabant Wallon
7973,Grandglise,Oui,Hainaut
6940,Grandhan,Oui,Luxembourg
6960,Grandmenil,Oui,Luxembourg
7900,Grandmetz,Oui,Hainaut
6470,Grandrieu,Oui,Hainaut
4360,Grandville,Oui,Liège
6840,Grandvoir,Oui,Luxembourg
6840,Grapfontaine,Oui,Luxembourg
7830,Graty,Oui,Hainaut
5640,Graux,Oui,Namur
3450,Grazen,Oui,Brabant Flamand
9200,Grembergen,Oui,Flandre-Orientale
1390,GREZ-DOICEAU,Non,Brabant Wallon
1850,GRIMBERGEN,Non,Brabant Flamand
9506,Grimminge,Oui,Flandre-Orientale
4030,Grivegnee,Oui,Liège
2280,GROBBENDONK,Non,Anvers
1702,Groot-Bijgaarden,Oui,Brabant Flamand
3800,Groot-Gelmen,Oui,Limbourg
3840,Groot-Loon,Oui,Limbourg
5555,Gros-Fays,Oui,Namur
7950,Grosage,Oui,Hainaut
3990,Grote-Brogel,Oui,Limbourg
3740,Grote-Spouwen,Oui,Limbourg
9620,Grotenberge,Oui,Flandre-Orientale
3670,Gruitrode,Oui,Limbourg
6952,Grune,Oui,Luxembourg
6927,Grupont,Oui,Luxembourg
7620,Guignies,Oui,Hainaut
3723,Guigoven,Oui,Limbourg
6704,Guirsch,Oui,Luxembourg
8560,Gullegem,Oui,Flandre-Occidentale
3870,Gutshoven,Oui,Limbourg
3150,HAACHT,Non,Brabant Flamand
9450,HAALTERT,Non,Flandre-Orientale
9120,Haasdonk,Oui,Flandre-Orientale
3053,Haasrode,Oui,Brabant Flamand
6720,HABAY,Non,Luxembourg
6720,Habay-La-Neuve,Oui,Luxembourg
6723,Habay-La-Vieille,Oui,Luxembourg
6782,Habergy,Oui,Luxembourg
4684,Haccourt,Oui,Liège
6720,Hachy,Oui,Luxembourg
7911,Hacquegnies,Oui,Hainaut
5351,Haillot,Oui,Namur
7100,Haine-Saint-Paul,Oui,Hainaut
7100,Haine-Saint-Pierre,Oui,Hainaut
7350,Hainin,Oui,Hainaut
3300,Hakendover,Oui,Brabant Flamand
6792,Halanzy,Oui,Luxembourg
3545,HALEN,Non,Limbourg
2220,Hallaar,Oui,Anvers
1500,HALLE,Non,Brabant Flamand
2980,Halle,Oui,Anvers
3440,Halle-Booienhoven,Oui,Brabant Flamand
6986,Halleux,Oui,Luxembourg
6922,Halma,Oui,Luxembourg
3800,Halmaal,Oui,Limbourg
5340,Haltinne,Oui,Namur
3945,HAM,Non,Limbourg
6120,HAM-SUR-HEURE,Non,Hainaut
5190,Ham-Sur-Sambre,Oui,Namur
6840,Hamipré,Oui,Luxembourg
1785,Hamme,Oui,Brabant Flamand
9220,HAMME,Non,Flandre-Orientale
1320,Hamme-Mille,Oui,Brabant Wallon
4180,HAMOIR,Non,Liège
5360,HAMOIS,Non,Namur
3930,Hamont,Oui,Limbourg
3930,HAMONT-ACHEL,Non,Limbourg
6990,Hampteau,Oui,Luxembourg
5580,Han-Sur-Lesse,Oui,Namur
8610,Handzame,Oui,Flandre-Occidentale
4357,Haneffe,Oui,Liège
4210,Hannêche,Oui,Liège
4280,HANNUT,Non,Liège
5310,Hanret,Oui,Namur
9850,Hansbeke,Oui,Flandre-Orientale
6560,Hantes-Wihéries,Oui,Hainaut
5621,Hanzinelle,Oui,Namur
5621,Hanzinne,Oui,Namur
7321,Harchies,Oui,Hainaut
8530,HARELBEKE,Non,Flandre-Occidentale
1130,Haren,Oui,Bruxelles (19 communes)
3700,Haren,Oui,Limbourg
3840,Haren,Oui,Limbourg
6900,Hargimont,Oui,Luxembourg
7022,Harmignies,Oui,Hainaut
6767,Harnoncourt,Oui,Luxembourg
6960,Harre,Oui,Luxembourg
6950,Harsin,Oui,Luxembourg
7022,Harveng,Oui,Hainaut
4920,Harzé,Oui,Liège
3500,HASSELT,Non,Limbourg
5540,HASTIÈRE,Non,Namur
5540,Hastière-Lavaux,Oui,Namur
5541,Hastière-Par-Delà,Oui,Namur
6870,Hatrival,Oui,Luxembourg
7120,Haulchin,Oui,Hainaut
4730,Hauset,Oui,Liège
6929,Haut-Fays,Oui,Luxembourg
1461,Haut-Ittre,Oui,Brabant Wallon
5537,Haut-Le-Wastia,Oui,Namur
7334,Hautrage,Oui,Hainaut
7041,Havay,Oui,Hainaut
5370,HAVELANGE,Non,Namur
5590,Haversin,Oui,Namur
7531,Havinnes,Oui,Hainaut
7021,Havre,Oui,Hainaut
3940,Hechtel,Oui,Limbourg
3940,HECHTEL-EKSEL,Non,Limbourg
5543,Heer,Oui,Namur
3870,HEERS,Non,Limbourg
3740,Hees,Oui,Limbourg
8551,Heestert,Oui,Flandre-Occidentale
2801,Heffen,Oui,Anvers
1670,Heikruis,Oui,Brabant Flamand
2830,Heindonk,Oui,Anvers
6700,Heinsch,Oui,Luxembourg
8301,Heist-Aan-Zee,Oui,Flandre-Occidentale
2220,HEIST-OP-DEN-BERG,Non,Anvers
1790,Hekelgem,Oui,Brabant Flamand
3870,Heks,Oui,Limbourg
8587,Helchin,Oui,Flandre-Occidentale
3530,Helchteren,Oui,Limbourg
9450,Heldergem,Oui,Flandre-Orientale
1357,HÉLÉCINE,Non,Brabant Wallon
3440,Helen-Bos,Oui,Brabant Flamand
7830,Hellebecq,Oui,Hainaut
9571,Hemelveerdegem,Oui,Flandre-Orientale
2620,HEMIKSEM,Non,Anvers
5380,Hemptinne,Oui,Namur
5620,Hemptinne-Lez-Florennes,Oui,Namur
3840,Hendrieken,Oui,Limbourg
3700,Henis,Oui,Limbourg
7090,Hennuyères,Oui,Hainaut
4841,Henri-Chapelle,Oui,Liège
7090,Henripont,Oui,Hainaut
7350,HENSIES,Non,Hainaut
3971,Heppen,Oui,Limbourg
4771,Heppenbach,Oui,Liège
6220,Heppignies,Oui,Hainaut
6887,HERBEUMONT,Non,Luxembourg
7050,Herchies,Oui,Hainaut
3770,Herderen,Oui,Limbourg
9310,Herdersem,Oui,Flandre-Orientale
3020,HERENT,Non,Brabant Flamand
2200,HERENTALS,Non,Anvers
2270,HERENTHOUT,Non,Anvers
1540,Herfelingen,Oui,Brabant Flamand
4728,Hergenrath,Oui,Liège
7742,Hérinnes-Lez-Pecq,Oui,Hainaut
3540,HERK-DE-STAD,Non,Limbourg
4681,Hermalle-Sous-Argenteau,Oui,Liège
4480,Hermalle-Sous-Huy,Oui,Liège
4680,Hermée,Oui,Liège
5540,Hermeton-Sur-Meuse,Oui,Namur
1540,HERNE,Non,Brabant Flamand
4217,HÉRON,Non,Liège
7911,Herquegies,Oui,Hainaut
7712,Herseaux,Oui,Hainaut
2230,HERSELT,Non,Anvers
4040,HERSTAL,Non,Liège
3717,HERSTAPPE,Non,Limbourg
7522,Hertain,Oui,Hainaut
3831,Herten,Oui,Limbourg
8020,Hertsberge,Oui,Flandre-Occidentale
4650,HERVE,Non,Liège
9550,HERZELE,Non,Flandre-Orientale
8501,Heule,Oui,Flandre-Occidentale
5377,Heure,Oui,Namur
4682,Heure-Le-Romain,Oui,Liège
9700,Heurne,Oui,Flandre-Orientale
3550,Heusden,Oui,Limbourg
9070,Heusden,Oui,Flandre-Orientale
3550,HEUSDEN-ZOLDER,Non,Limbourg
4802,Heusy,Oui,Liège
8950,HEUVELLAND,Non,Flandre-Occidentale
3191,Hever,Oui,Brabant Flamand
3001,Heverlee,Oui,Brabant Flamand
1435,Hévillers,Oui,Brabant Wallon
6941,Heyd,Oui,Luxembourg
9550,Hillegem,Oui,Flandre-Orientale
2880,Hingene,Oui,Anvers
5380,Hingeon,Oui,Namur
6984,Hives,Oui,Luxembourg
2660,Hoboken,Oui,Anvers
4351,Hodeige,Oui,Liège
6987,Hodister,Oui,Luxembourg
4162,Hody,Oui,Liège
3320,HOEGAARDEN,Non,Brabant Flamand
1560,HOEILAART,Non,Brabant Flamand
8340,Hoeke,Oui,Flandre-Occidentale
3746,Hoelbeek,Oui,Limbourg
3471,Hoeleden,Oui,Brabant Flamand
3840,Hoepertingen,Oui,Limbourg
3730,HOESELT,Non,Limbourg
2940,Hoevenen,Oui,Anvers
1981,Hofstade,Oui,Brabant Flamand
9308,Hofstade,Oui,Flandre-Orientale
5377,Hogne,Oui,Namur
4342,Hognoul,Oui,Liège
7620,Hollain,Oui,Hainaut
6637,Hollange,Oui,Luxembourg
8902,Hollebeke,Oui,Flandre-Occidentale
4460,Hollogne-Aux-Pierres,Oui,Liège
4250,Hollogne-Sur-Geer,Oui,Liège
3220,HOLSBEEK,Non,Brabant Flamand
2811,Hombeek,Oui,Anvers
4852,Hombourg,Oui,Liège
6640,Hompré,Oui,Luxembourg
6780,Hondelange,Oui,Luxembourg
5570,Honnay,Oui,Namur
7387,HONNELLES,Non,Hainaut
8830,HOOGLEDE,Non,Flandre-Occidentale
8690,Hoogstade,Oui,Flandre-Occidentale
2320,HOOGSTRATEN,Non,Anvers
9667,HOREBEKE,Non,Flandre-Orientale
4460,Horion-Hozémont,Oui,Liège
7301,Hornu,Oui,Hainaut
3870,Horpmaal,Oui,Limbourg
7060,Horrues,Oui,Hainaut
6990,HOTTON,Non,Luxembourg
6724,Houdemont,Oui,Luxembourg
7110,Houdeng-Aimeries,Oui,Hainaut
7110,Houdeng-Goegnies,Oui,Hainaut
5575,Houdremont,Oui,Namur
6660,HOUFFALIZE,Non,Luxembourg
5563,Hour,Oui,Namur
4671,Housse,Oui,Liège
1476,Houtain-Le-Val,Oui,Brabant Wallon
4682,Houtain-Saint-Siméon,Oui,Liège
7812,Houtaing,Oui,Hainaut
8377,Houtave,Oui,Flandre-Occidentale
8630,Houtem,Oui,Flandre-Occidentale
3530,Houthalen,Oui,Limbourg
3530,HOUTHALEN-HELCHTEREN,Non,Limbourg
7781,Houthem,Oui,Hainaut
8650,HOUTHULST,Non,Flandre-Occidentale
2235,Houtvenne,Oui,Anvers
3390,Houwaart,Oui,Brabant Flamand
5530,Houx,Oui,Namur
5560,HOUYET,Non,Namur
2540,HOVE,Non,Anvers
7830,Hoves,Oui,Hainaut
7624,Howardries,Oui,Hainaut
4520,Huccorgne,Oui,Liège
9750,Huise,Oui,Flandre-Orientale
7950,Huissignies,Oui,Hainaut
1654,Huizingen,Oui,Brabant Flamand
3040,HULDENBERG,Non,Brabant Flamand
2235,HULSHOUT,Non,Anvers
5560,Hulsonniaux,Oui,Namur
8531,Hulste,Oui,Flandre-Occidentale
6900,Humain,Oui,Luxembourg
1851,Humbeek,Oui,Brabant Flamand
9630,Hundelgem,Oui,Flandre-Orientale
1367,Huppaye,Oui,Brabant Wallon
4500,HUY,Non,Liège
7022,Hyon,Oui,Hainaut
8480,ICHTEGEM,Non,Flandre-Occidentale
9472,Iddergem,Oui,Flandre-Orientale
9506,Idegem,Oui,Flandre-Orientale
8900,IEPER,Non,Flandre-Occidentale
9340,Impe,Oui,Flandre-Orientale
1315,INCOURT,Non,Brabant Wallon
8770,INGELMUNSTER,Non,Flandre-Occidentale
8570,Ingooigem,Oui,Flandre-Occidentale
7801,Irchonwelz,Oui,Hainaut
7822,Isières,Oui,Hainaut
5032,Isnes,Oui,Namur
2222,Itegem,Oui,Anvers
1701,Itterbeek,Oui,Brabant Flamand
1460,ITTRE,Non,Brabant Wallon
4400,Ivoz-Ramet,Oui,Liège
1050,IXELLES,Non,Bruxelles (19 communes)
8870,IZEGEM,Non,Flandre-Occidentale
6810,Izel,Oui,Luxembourg
8691,Izenberge,Oui,Flandre-Occidentale
6941,Izier,Oui,Luxembourg
8490,JABBEKE,Non,Flandre-Occidentale
4845,JALHAY,Non,Liège
5354,Jallet,Oui,Namur
5600,Jamagne,Oui,Namur
5100,Jambes,Oui,Namur
5600,Jamiolle,Oui,Namur
6120,Jamioulx,Oui,Hainaut
6810,Jamoigne,Oui,Luxembourg
1350,Jandrain-Jandrenouille,Oui,Brabant Wallon
1350,Jauche,Oui,Brabant Wallon
1370,Jauchelette,Oui,Brabant Wallon
5570,Javingue,Oui,Namur
4540,Jehay,Oui,Liège
6880,Jehonville,Oui,Luxembourg
7012,Jemappes,Oui,Hainaut
5580,Jemelle,Oui,Namur
4101,Jemeppe-Sur-Meuse,Oui,Liège
5190,JEMEPPE-SUR-SAMBRE,Non,Namur
4357,Jeneffe,Oui,Liège
5370,Jeneffe,Oui,Namur
3840,Jesseren,Oui,Limbourg
1090,JETTE,Non,Bruxelles (19 communes)
3890,Jeuk,Oui,Limbourg
1370,JODOIGNE,Non,Brabant Wallon
1370,Jodoigne-Souveraine,Oui,Brabant Wallon
7620,Jollain-Merlin,Oui,Hainaut
6280,Joncret,Oui,Hainaut
4650,Julémont,Oui,Liège
6040,Jumet,Oui,Hainaut
4020,Jupille-Sur-Meuse,Oui,Liège
4450,JUPRELLE,Non,Liège
7050,JURBISE,Non,Hainaut
6642,Juseret,Oui,Luxembourg
8600,Kaaskerke,Oui,Flandre-Occidentale
8870,Kachtem,Oui,Flandre-Occidentale
3293,Kaggevinne,Oui,Brabant Flamand
7540,Kain,Oui,Hainaut
9270,Kalken,Oui,Flandre-Orientale
9120,Kallo,Oui,Flandre-Orientale
9130,Kallo,Oui,Flandre-Orientale
2920,KALMTHOUT,Non,Anvers
1910,KAMPENHOUT,Non,Brabant Flamand
8700,Kanegem,Oui,Flandre-Occidentale
3770,Kanne,Oui,Limbourg
1880,KAPELLE-OP-DEN-BOS,Non,Brabant Flamand
2950,KAPELLEN,Non,Anvers
3381,Kapellen,Oui,Brabant Flamand
9970,KAPRIJKE,Non,Flandre-Orientale
8572,Kaster,Oui,Flandre-Occidentale
2460,KASTERLEE,Non,Anvers
3950,Kaulille,Oui,Limbourg
3140,KEERBERGEN,Non,Brabant Flamand
8600,Keiem,Oui,Flandre-Occidentale
4367,Kemexhe,Oui,Liège
8956,Kemmel,Oui,Flandre-Occidentale
9190,Kemzeke,Oui,Flandre-Orientale
8581,Kerkhove,Oui,Flandre-Occidentale
3370,Kerkom,Oui,Brabant Flamand
3800,Kerkom-Bij-Sint-Truiden,Oui,Limbourg
9451,Kerksken,Oui,Flandre-Orientale
3510,Kermt,Oui,Limbourg
3840,Kerniel,Oui,Limbourg
3472,Kersbeek-Miskom,Oui,Brabant Flamand
2560,Kessel,Oui,Anvers
3010,Kessel Lo,Oui,Brabant Flamand
3640,Kessenich,Oui,Limbourg
1755,Kester,Oui,Brabant Flamand
4701,Kettenis,Oui,Liège
5060,Keumiée,Oui,Namur
9130,Kieldrecht,Oui,Flandre-Orientale
3640,KINROOI,Non,Limbourg
3870,Klein-Gelmen,Oui,Limbourg
3990,Kleine-Brogel,Oui,Limbourg
3740,Kleine-Spouwen,Oui,Limbourg
8420,Klemskerke,Oui,Flandre-Occidentale
8650,Klerken,Oui,Flandre-Occidentale
9690,KLUISBERGEN,Non,Flandre-Orientale
9940,Kluizen,Oui,Flandre-Orientale
9910,KNESSELARE,Non,Flandre-Orientale
8300,Knokke,Oui,Flandre-Occidentale
8300,KNOKKE-HEIST,Non,Flandre-Occidentale
1730,Kobbegem,Oui,Brabant Flamand
8680,KOEKELARE,Non,Flandre-Occidentale
1081,KOEKELBERG,Non,Bruxelles (19 communes)
3582,Koersel,Oui,Limbourg
8670,KOKSIJDE,Non,Flandre-Occidentale
3700,Kolmont,Oui,Limbourg
3840,Kolmont,Oui,Limbourg
2500,Koningshooikt,Oui,Anvers
3700,Koninksem,Oui,Limbourg
2550,KONTICH,Non,Anvers
8510,Kooigem,Oui,Flandre-Occidentale
8000,Koolkerke,Oui,Flandre-Occidentale
8851,Koolskamp,Oui,Flandre-Occidentale
3060,Korbeek-Dijle,Oui,Brabant Flamand
3360,Korbeek-Lo,Oui,Brabant Flamand
8610,KORTEMARK,Non,Flandre-Occidentale
3470,KORTENAKEN,Non,Brabant Flamand
3070,KORTENBERG,Non,Brabant Flamand
3720,KORTESSEM,Non,Limbourg
3890,Kortijs,Oui,Limbourg
8500,KORTRIJK,Non,Flandre-Occidentale
3220,Kortrijk-Dutsel,Oui,Brabant Flamand
3850,Kozen,Oui,Limbourg
1950,KRAAINEM,Non,Brabant Flamand
8972,Krombeke,Oui,Flandre-Occidentale
9150,KRUIBEKE,Non,Flandre-Orientale
9770,KRUISHOUTEM,Non,Flandre-Orientale
3300,Kumtich,Oui,Brabant Flamand
3511,Kuringen,Oui,Limbourg
3840,Kuttekoven,Oui,Limbourg
8520,KUURNE,Non,Flandre-Occidentale
3945,Kwaadmechelen,Oui,Limbourg
9690,Kwaremont,Oui,Flandre-Orientale
1320,L'Ecluse,Oui,Brabant Wallon
6464,L'Escaillère,Oui,Hainaut
7080,La Bouverie,Oui,Hainaut
5080,LA BRUYÈRE,Non,Namur
4720,LA CALAMINE,Non,Liège
7611,La Glanerie,Oui,Hainaut
4987,La Gleize,Oui,Liège
7170,La Hestre,Oui,Hainaut
1310,LA HULPE,Non,Brabant Wallon
7100,LA LOUVIÈRE,Non,Hainaut
4910,La Reid,Oui,Liège
6980,LA ROCHE-EN-ARDENNE,Non,Luxembourg
2430,LAAKDAL,Non,Anvers
3400,Laar,Oui,Brabant Flamand
9270,LAARNE,Non,Flandre-Orientale
6567,Labuissière,Oui,Hainaut
6821,Lacuisine,Oui,Luxembourg
7950,Ladeuze,Oui,Hainaut
1020,Laeken,Oui,Bruxelles (19 communes)
5550,Laforet,Oui,Namur
7890,Lahamaide,Oui,Hainaut
7522,Lamain,Oui,Hainaut
4800,Lambermont,Oui,Liège
6220,Lambusart,Oui,Hainaut
4350,Lamine,Oui,Liège
4210,Lamontzée,Oui,Liège
6767,Lamorteau,Oui,Luxembourg
8600,Lampernisse,Oui,Flandre-Occidentale
3620,LANAKEN,Non,Limbourg
4600,Lanaye,Oui,Liège
9850,Landegem,Oui,Flandre-Orientale
6111,Landelies,Oui,Hainaut
3400,LANDEN,Non,Brabant Flamand
5300,Landenne,Oui,Namur
9860,Landskouter,Oui,Flandre-Orientale
5651,Laneffe,Oui,Namur
3201,Langdorp,Oui,Brabant Flamand
8920,Langemark,Oui,Flandre-Occidentale
8920,LANGEMARK-POELKAPELLE,Non,Flandre-Occidentale
3650,Lanklaar,Oui,Limbourg
7800,Lanquesaint,Oui,Hainaut
4450,Lantin,Oui,Liège
4300,Lantremange,Oui,Liège
7622,Laplaigne,Oui,Hainaut
8340,Lapscheure,Oui,Flandre-Occidentale
1380,LASNE,Non,Brabant Wallon
1380,Lasne-Chapelle-Saint-Lambert,Oui,Brabant Wallon
1370,Lathuy,Oui,Brabant Wallon
4261,Latinne,Oui,Liège
6761,Latour,Oui,Luxembourg
3700,Lauw,Oui,Limbourg
8930,Lauwe,Oui,Flandre-Occidentale
6681,Lavacherie,Oui,Luxembourg
5580,Lavaux-Saint-Anne,Oui,Namur
4217,Lavoir,Oui,Liège
5670,Le Mesnil,Oui,Namur
7070,LE ROEULX,Non,Hainaut
5070,Le Roux,Oui,Namur
9280,LEBBEKE,Non,Flandre-Orientale
9340,LEDE,Non,Flandre-Orientale
9050,Ledeberg,Oui,Flandre-Orientale
8880,LEDEGEM,Non,Flandre-Occidentale
3061,Leefdaal,Oui,Brabant Flamand
1755,Leerbeek,Oui,Brabant Flamand
6142,Leernes,Oui,Hainaut
6530,Leers-Et-Fosteau,Oui,Hainaut
7730,Leers-Nord,Oui,Hainaut
2811,Leest,Oui,Anvers
9620,Leeuwergem,Oui,Flandre-Orientale
8432,Leffinge,Oui,Flandre-Occidentale
6860,LÉGLISE,Non,Luxembourg
5590,Leignon,Oui,Namur
8691,Leisele,Oui,Flandre-Occidentale
8600,Leke,Oui,Flandre-Occidentale
1502,Lembeek,Oui,Brabant Flamand
9971,Lembeke,Oui,Flandre-Orientale
9820,Lemberge,Oui,Flandre-Orientale
8860,LENDELEDE,Non,Flandre-Occidentale
1750,LENNIK,Non,Brabant Flamand
7870,LENS,Non,Hainaut
4280,Lens-Saint-Remy,Oui,Liège
4250,Lens-Saint-Servais,Oui,Liège
4360,Lens-Sur-Geer,Oui,Liège
3970,LEOPOLDSBURG,Non,Limbourg
4560,Les Avins,Oui,Liège
6210,LES BONS VILLERS,Non,Hainaut
6811,Les Bulles,Oui,Luxembourg
6830,Les Hayons,Oui,Luxembourg
4317,Les Waleffes,Oui,Liège
7621,Lesdain,Oui,Hainaut
7860,LESSINES,Non,Hainaut
5580,Lessive,Oui,Namur
6953,Lesterny,Oui,Luxembourg
5170,Lesve,Oui,Namur
9521,Letterhoutem,Oui,Flandre-Orientale
6500,Leugnies,Oui,Hainaut
9700,Leupegem,Oui,Flandre-Orientale
3630,Leut,Oui,Limbourg
3000,LEUVEN,Non,Brabant Flamand
5310,Leuze,Oui,Namur
7900,LEUZE-EN-HAINAUT,Non,Hainaut
6500,Leval-Chaudeville,Oui,Hainaut
7134,Leval-Trahegnies,Oui,Hainaut
6238,Liberchies,Oui,Hainaut
6890,LIBIN,Non,Luxembourg
6800,LIBRAMONT-CHEVIGNY,Non,Luxembourg
2460,Lichtaart,Oui,Anvers
8810,LICHTERVELDE,Non,Flandre-Occidentale
1770,LIEDEKERKE,Non,Brabant Flamand
9400,Lieferinge,Oui,Flandre-Orientale
4000,LIÈGE,Non,Liège
4020,LIÈGE,Non,Liège
2500,LIER,Non,Anvers
9570,LIERDE,Non,Flandre-Orientale
4990,LIERNEUX,Non,Liège
5310,Liernu,Oui,Namur
4042,Liers,Oui,Liège
2870,Liezele,Oui,Anvers
7812,Ligne,Oui,Hainaut
4254,Ligney,Oui,Liège
5140,Ligny,Oui,Namur
2275,LILLE,Non,Anvers
2040,Lillo,Oui,Anvers
1428,Lillois-Witterzée,Oui,Brabant Wallon
1300,Limal,Oui,Brabant Wallon
4830,LIMBOURG,Non,Liège
1342,Limelette,Oui,Brabant Wallon
6670,Limerlé,Oui,Luxembourg
4357,Limont,Oui,Liège
4287,LINCENT,Non,Liège
3210,Linden,Oui,Brabant Flamand
1630,LINKEBEEK,Non,Brabant Flamand
3560,Linkhout,Oui,Limbourg
1357,Linsmeau,Oui,Brabant Wallon
2547,LINT,Non,Anvers
3350,LINTER,Non,Brabant Flamand
2890,Lippelo,Oui,Anvers
5501,Lisogne,Oui,Namur
8380,Lissewege,Oui,Flandre-Occidentale
5101,Lives-Sur-Meuse,Oui,Namur
4600,Lixhe,Oui,Liège
8647,Lo,Oui,Flandre-Occidentale
8647,LO-RENINGE,Non,Flandre-Occidentale
6540,LOBBES,Non,Hainaut
9080,LOCHRISTI,Non,Flandre-Orientale
6042,Lodelinsart,Oui,Hainaut
2990,Loenhout,Oui,Anvers
8958,Loker,Oui,Flandre-Occidentale
9160,LOKEREN,Non,Flandre-Orientale
3545,Loksbergen,Oui,Limbourg
8434,Lombardsijde,Oui,Flandre-Occidentale
7870,Lombise,Oui,Hainaut
3920,LOMMEL,Non,Limbourg
4783,Lommersweiler,Oui,Liège
6463,Lompret,Oui,Hainaut
6924,Lomprez,Oui,Luxembourg
4431,Loncin,Oui,Liège
1840,LONDERZEEL,Non,Brabant Flamand
5310,Longchamps,Oui,Namur
6688,Longchamps,Oui,Luxembourg
6840,Longlier,Oui,Luxembourg
1325,Longueville,Oui,Brabant Wallon
6600,Longvilly,Oui,Luxembourg
4710,LONTZEN,Non,Liège
5030,Lonzée,Oui,Namur
3040,Loonbeek,Oui,Brabant Flamand
8210,Loppem,Oui,Flandre-Occidentale
4987,Lorcé,Oui,Liège
1651,Lot,Oui,Brabant Flamand
9880,Lotenhulle,Oui,Flandre-Orientale
5575,Louette-Saint-Denis,Oui,Namur
5575,Louette-Saint-Pierre,Oui,Namur
1471,Loupoigne,Oui,Brabant Wallon
1348,Louvain-La-Neuve,Oui,Brabant Wallon
4141,Louveigné,Oui,Liège
4920,Louveigné,Oui,Liège
9920,LOVENDEGEM,Non,Flandre-Orientale
3360,Lovenjoel,Oui,Brabant Flamand
6280,Loverval,Oui,Hainaut
5101,Loyers,Oui,Namur
3210,LUBBEEK,Non,Brabant Flamand
7700,Luingne,Oui,Hainaut
3560,LUMMEN,Non,Limbourg
5170,Lustin,Oui,Namur
6238,Luttre,Oui,Hainaut
9680,Maarke-Kerkem,Oui,Flandre-Orientale
9680,MAARKEDAL,Non,Flandre-Orientale
3680,MAASEIK,Non,Limbourg
3630,MAASMECHELEN,Non,Limbourg
6663,Mabompré,Oui,Luxembourg
1830,MACHELEN,Non,Brabant Flamand
9870,Machelen,Oui,Flandre-Orientale
6591,Macon,Oui,Hainaut
6593,Macquenoise,Oui,Hainaut
5374,Maffe,Oui,Namur
7810,Maffle,Oui,Hainaut
4623,Magnée,Oui,Liège
5330,Maillen,Oui,Namur
7812,Mainvault,Oui,Hainaut
7020,Maisières,Oui,Hainaut
6852,Maissin,Oui,Luxembourg
5300,Maizeret,Oui,Namur
3700,Mal,Oui,Limbourg
9990,MALDEGEM,Non,Flandre-Orientale
1840,Malderen,Oui,Brabant Flamand
6960,Malempré,Oui,Luxembourg
1360,Malèves-Sainte-Marie-Wastines,Oui,Brabant Wallon
2390,MALLE,Non,Anvers
4960,MALMEDY,Non,Liège
5020,Malonne,Oui,Namur
5575,Malvoisin,Oui,Namur
7170,MANAGE,Non,Hainaut
4760,Manderfeld,Oui,Liège
6960,MANHAY,Non,Luxembourg
8433,Mannekensvere,Oui,Flandre-Occidentale
1380,Maransart,Oui,Brabant Wallon
1495,Marbais,Oui,Brabant Wallon
6120,Marbaix,Oui,Hainaut
6900,MARCHE-EN-FAMENNE,Non,Luxembourg
5024,Marche-Les-Dames,Oui,Namur
7190,Marche-Lez-Ecaussinnes,Oui,Hainaut
6030,Marchienne-Au-Pont,Oui,Hainaut
4570,MARCHIN,Non,Liège
7387,Marchipont,Oui,Hainaut
5380,Marchovelette,Oui,Namur
6001,Marcinelle,Oui,Hainaut
6987,Marcourt,Oui,Luxembourg
7850,Marcq,Oui,Hainaut
6990,Marenne,Oui,Luxembourg
9030,Mariakerke,Oui,Flandre-Orientale
2880,Mariekerke,Oui,Anvers
5660,Mariembourg,Oui,Namur
1350,Marilles,Oui,Brabant Wallon
8510,Marke,Oui,Flandre-Occidentale
8720,Markegem,Oui,Flandre-Occidentale
4210,Marneffe,Oui,Liège
7522,Marquain,Oui,Hainaut
6630,MARTELANGE,Non,Luxembourg
3742,Martenslinde,Oui,Limbourg
5573,Martouzin-Neuville,Oui,Namur
6953,Masbourg,Oui,Luxembourg
7050,Masnuy-Saint-Jean,Oui,Hainaut
7050,Masnuy-Saint-Pierre,Oui,Hainaut
9230,Massemen,Oui,Flandre-Orientale
2240,Massenhoven,Oui,Anvers
5680,Matagne-La-Grande,Oui,Namur
5680,Matagne-La-Petite,Oui,Namur
9700,Mater,Oui,Flandre-Orientale
7640,Maubray,Oui,Hainaut
7534,Maulde,Oui,Hainaut
7110,Maurage,Oui,Hainaut
5670,Mazée,Oui,Namur
1745,Mazenzele,Oui,Brabant Flamand
5032,Mazy,Oui,Namur
5372,Méan,Oui,Namur
2800,MECHELEN,Non,Anvers
3630,Mechelen-Aan-De-Maas,Oui,Limbourg
3870,Mechelen-Bovelingen,Oui,Limbourg
4219,Meeffe,Oui,Liège
3391,Meensel-Kiezegem,Oui,Brabant Flamand
2321,Meer,Oui,Anvers
3078,Meerbeek,Oui,Brabant Flamand
9402,Meerbeke,Oui,Flandre-Orientale
9170,Meerdonk,Oui,Flandre-Orientale
2450,MEERHOUT,Non,Anvers
2328,Meerle,Oui,Anvers
3630,Meeswijk,Oui,Limbourg
8377,Meetkerke,Oui,Flandre-Occidentale
3670,Meeuwen,Oui,Limbourg
3670,MEEUWEN-GRUITRODE,Non,Limbourg
5310,Mehaigne,Oui,Namur
9800,Meigem,Oui,Flandre-Orientale
9630,Meilegem,Oui,Flandre-Orientale
1860,MEISE,Non,Brabant Flamand
6769,MEIX-DEVANT-VIRTON,Non,Luxembourg
6747,Meix-Le-Tige,Oui,Luxembourg
9700,Melden,Oui,Flandre-Orientale
3320,Meldert,Oui,Brabant Flamand
3560,Meldert,Oui,Limbourg
9310,Meldert,Oui,Flandre-Orientale
4633,Melen,Oui,Liège
1370,Mélin,Oui,Brabant Wallon
3350,Melkwezer,Oui,Brabant Flamand
9090,MELLE,Non,Flandre-Orientale
1495,Mellery,Oui,Brabant Wallon
7540,Melles,Oui,Hainaut
6211,Mellet,Oui,Hainaut
6860,Mellier,Oui,Luxembourg
1820,Melsbroek,Oui,Brabant Flamand
9120,Melsele,Oui,Flandre-Orientale
9820,Melsen,Oui,Flandre-Orientale
4837,Membach,Oui,Liège
5550,Membre,Oui,Namur
3770,Membruggen,Oui,Limbourg
9042,Mendonk,Oui,Flandre-Orientale
8930,MENEN,Non,Flandre-Occidentale
6567,MERBES-LE-CHÂTEAU,Non,Hainaut
6567,Merbes-Sainte-Marie,Oui,Hainaut
1785,MERCHTEM,Non,Brabant Flamand
4280,Merdorp,Oui,Liège
9420,Mere,Oui,Flandre-Orientale
9820,MERELBEKE,Non,Flandre-Orientale
9850,Merendree,Oui,Flandre-Orientale
8650,Merkem,Oui,Flandre-Occidentale
2170,Merksem,Oui,Anvers
2330,MERKSPLAS,Non,Anvers
5600,Merlemont,Oui,Namur
7822,Meslin-L'Evêque,Oui,Hainaut
5560,Mesnil-Eglise,Oui,Namur
5560,Mesnil-Saint-Blaise,Oui,Namur
9200,Mespelare,Oui,Flandre-Orientale
6780,MESSANCY,Non,Luxembourg
3272,Messelbroek,Oui,Brabant Flamand
8957,MESSINES,Non,Flandre-Occidentale
7022,Mesvin,Oui,Hainaut
3870,Mettekoven,Oui,Limbourg
5640,METTET,Non,Namur
8760,MEULEBEKE,Non,Flandre-Occidentale
5081,Meux,Oui,Namur
7942,Mévergnies-Lez-Lens,Oui,Hainaut
4770,Meyerode,Oui,Liège
9660,Michelbeke,Oui,Flandre-Orientale
4630,Micheroux,Oui,Liège
9992,Middelburg,Oui,Flandre-Orientale
8430,MIDDELKERKE,Non,Flandre-Occidentale
5376,Miécret,Oui,Namur
3891,Mielen-Boven-Aalst,Oui,Limbourg
7070,Mignault,Oui,Hainaut
3770,Millen,Oui,Limbourg
4041,Milmort,Oui,Liège
2322,Minderhout,Oui,Anvers
6870,Mirwart,Oui,Luxembourg
4577,MODAVE,Non,Liège
8552,Moen,Oui,Flandre-Occidentale
9500,Moerbeke,Oui,Flandre-Orientale
9180,MOERBEKE-WAAS,Non,Flandre-Orientale
8470,Moere,Oui,Flandre-Occidentale
8340,Moerkerke,Oui,Flandre-Occidentale
9220,Moerzeke,Oui,Flandre-Orientale
4520,Moha,Oui,Liège
5361,Mohiville,Oui,Namur
5060,Moignelée,Oui,Namur
6800,Moircy,Oui,Luxembourg
2400,MOL,Non,Anvers
7760,Molenbaix,Oui,Hainaut
1080,MOLENBEEK-SAINT-JEAN,Non,Bruxelles (19 communes)
3461,Molenbeek-Wersbeek,Oui,Brabant Flamand
3640,Molenbeersel,Oui,Limbourg
3294,Molenstede,Oui,Brabant Flamand
1730,Mollem,Oui,Brabant Flamand
4350,Momalle,Oui,Liège
6590,MOMIGNIES,Non,Hainaut
5555,Monceau-En-Ardenne,Oui,Namur
6592,Monceau-Imbrechies,Oui,Hainaut
6031,Monceau-Sur-Sambre,Oui,Hainaut
7000,MONS,Non,Hainaut
4400,Mons-Lez-Liège,Oui,Liège
1400,Monstreux,Oui,Brabant Wallon
5530,Mont,Oui,Namur
6661,Mont,Oui,Luxembourg
7750,MONT-DE-L'ENCLUS,Non,Hainaut
5580,Mont-Gauthier,Oui,Namur
1367,Mont-Saint-André,Oui,Brabant Wallon
7542,Mont-Saint-Aubert,Oui,Hainaut
1435,MONT-SAINT-GUIBERT,Non,Brabant Wallon
7141,Mont-Sainte-Aldegonde,Oui,Hainaut
6540,Mont-Sainte-Geneviève,Oui,Hainaut
6032,Mont-Sur-Marchienne,Oui,Hainaut
6470,Montbliart,Oui,Hainaut
4420,Montegnée,Oui,Liège
3890,Montenaken,Oui,Limbourg
7870,Montignies-Lez-Lens,Oui,Hainaut
6560,Montignies-Saint-Christophe,Oui,Hainaut
7387,Montignies-Sur-Roc,Oui,Hainaut
6061,Montignies-Sur-Sambre,Oui,Hainaut
6110,MONTIGNY-LE-TILLEUL,Non,Hainaut
6674,Montleban,Oui,Luxembourg
7911,Montroeul-Au-Bois,Oui,Hainaut
7350,Montroeul-Sur-Haine,Oui,Hainaut
4850,Montzen,Oui,Liège
9310,Moorsel,Oui,Flandre-Orientale
8560,Moorsele,Oui,Flandre-Occidentale
8890,MOORSLEDE,Non,Flandre-Occidentale
9860,Moortsele,Oui,Flandre-Orientale
3740,Mopertingen,Oui,Limbourg
9790,Moregem,Oui,Flandre-Orientale
4850,Moresnet,Oui,Liège
6640,Morhet,Oui,Luxembourg
5621,Morialmé,Oui,Namur
2200,Morkhoven,Oui,Anvers
7140,MORLANWELZ,Non,Hainaut
7140,Morlanwelz-Mariemont,Oui,Hainaut
6997,Mormont,Oui,Luxembourg
5190,Mornimont,Oui,Namur
4670,Mortier,Oui,Liège
4607,Mortroux,Oui,Liège
2640,MORTSEL,Non,Anvers
5620,Morville,Oui,Namur
3790,Mouland,Oui,Limbourg
7812,Moulbaix,Oui,Hainaut
7543,Mourcourt,Oui,Hainaut
7700,MOUSCRON,Non,Hainaut
7911,Moustier,Oui,Hainaut
5190,Moustier-Sur-Sambre,Oui,Namur
5550,Mouzaive,Oui,Namur
4280,Moxhe,Oui,Liège
5340,Mozet,Oui,Namur
2812,Muizen,Oui,Anvers
3891,Muizen,Oui,Limbourg
9700,Mullem,Oui,Flandre-Orientale
9630,Munkzwalm,Oui,Flandre-Orientale
6820,Muno,Oui,Luxembourg
3740,Munsterbilzen,Oui,Limbourg
9820,Munte,Oui,Flandre-Orientale
6750,MUSSON,Non,Luxembourg
6750,Mussy-La-Ville,Oui,Luxembourg
4190,My,Oui,Liège
7062,Naast,Oui,Hainaut
6660,Nadrin,Oui,Luxembourg
5550,Nafraiture,Oui,Namur
6120,Nalinnes,Oui,Hainaut
5300,Namêche,Oui,Namur
5000,NAMUR,Non,Namur
4550,NANDRIN,Non,Liège
5100,Naninne,Oui,Namur
5555,Naomé,Oui,Namur
6950,NASSOGNE,Non,Luxembourg
5360,Natoye,Oui,Namur
9810,NAZARETH,Non,Flandre-Orientale
7730,Néchin,Oui,Hainaut
1120,Neder-Over-Heembeek,Oui,Bruxelles (19 communes)
9500,Nederboelare,Oui,Flandre-Orientale
9660,Nederbrakel,Oui,Flandre-Orientale
9700,Nederename,Oui,Flandre-Orientale
9400,Nederhasselt,Oui,Flandre-Orientale
1910,Nederokkerzeel,Oui,Brabant Flamand
9636,Nederzwalm-Hermelgem,Oui,Flandre-Orientale
3670,Neerglabbeek,Oui,Limbourg
3620,Neerharen,Oui,Limbourg
3350,Neerhespen,Oui,Brabant Flamand
1357,Neerheylissem,Oui,Brabant Wallon
3040,Neerijse,Oui,Brabant Flamand
3404,Neerlanden,Oui,Brabant Flamand
3350,Neerlinter,Oui,Brabant Flamand
3680,Neeroeteren,Oui,Limbourg
3910,NEERPELT,Non,Limbourg
3700,Neerrepen,Oui,Limbourg
3370,Neervelp,Oui,Brabant Flamand
3400,Neerwinden,Oui,Brabant Flamand
9403,Neigem,Oui,Flandre-Orientale
3700,Nerem,Oui,Limbourg
4870,Nessonvaux,Oui,Liège
1390,Nethen,Oui,Brabant Wallon
5377,Nettinne,Oui,Namur
4721,Neu-Moresnet,Oui,Liège
4608,Neufchâteau,Oui,Liège
6840,NEUFCHÂTEAU,Non,Luxembourg
7332,Neufmaison,Oui,Hainaut
7063,Neufvilles,Oui,Hainaut
4120,NEUPRÉ,Non,Liège
5600,Neuville,Oui,Namur
4121,Neuville-En-Condroz,Oui,Liège
9850,NEVELE,Non,Flandre-Orientale
2845,NIEL,Non,Anvers
3668,Niel-Bij-As,Oui,Limbourg
3890,Niel-Bij-Sint-Truiden,Oui,Limbourg
9506,Nieuwenhove,Oui,Flandre-Orientale
1880,Nieuwenrode,Oui,Brabant Flamand
3850,NIEUWERKERKEN,Non,Limbourg
9320,Nieuwerkerken,Oui,Flandre-Orientale
8600,Nieuwkapelle,Oui,Flandre-Occidentale
8950,Nieuwkerke,Oui,Flandre-Occidentale
9100,Nieuwkerken-Waas,Oui,Flandre-Orientale
8377,Nieuwmunster,Oui,Flandre-Occidentale
8620,NIEUWPOORT,Non,Flandre-Occidentale
3221,Nieuwrode,Oui,Brabant Flamand
2560,NIJLEN,Non,Anvers
1457,Nil-Saint-Vincent-Saint-Martin,Oui,Brabant Wallon
7020,Nimy,Oui,Hainaut
9400,NINOVE,Non,Flandre-Orientale
5670,Nismes,Oui,Namur
1400,NIVELLES,Non,Brabant Wallon
5680,Niverlée,Oui,Namur
6640,Nives,Oui,Luxembourg
6717,Nobressart,Oui,Luxembourg
1320,Nodebais,Oui,Brabant Wallon
1350,Noduwez,Oui,Brabant Wallon
7080,Noirchain,Oui,Hainaut
6831,Noirfontaine,Oui,Luxembourg
5377,Noiseux,Oui,Namur
9771,Nokere,Oui,Flandre-Orientale
6851,Nollevaux,Oui,Luxembourg
2200,Noorderwijk,Oui,Anvers
8647,Noordschote,Oui,Flandre-Occidentale
1930,Nossegem,Oui,Brabant Flamand
6717,Nothomb,Oui,Luxembourg
7022,Nouvelles,Oui,Hainaut
4347,Noville,Oui,Liège
6600,Noville,Oui,Luxembourg
5380,Noville-Les-Bois,Oui,Namur
5310,Noville-Sur-Méhaigne,Oui,Namur
9681,Nukerke,Oui,Flandre-Orientale
6230,Obaix,Oui,Hainaut
7743,Obigies,Oui,Hainaut
7034,Obourg,Oui,Hainaut
6890,Ochamps,Oui,Luxembourg
4560,Ocquier,Oui,Liège
6960,Odeigne,Oui,Luxembourg
4367,Odeur,Oui,Liège
8730,Oedelem,Oui,Flandre-Occidentale
8800,Oekene,Oui,Flandre-Occidentale
2520,Oelegem,Oui,Anvers
8690,Oeren,Oui,Flandre-Occidentale
8720,Oeselgem,Oui,Flandre-Occidentale
1755,Oetingen,Oui,Brabant Flamand
7911,Oeudeghien,Oui,Hainaut
2260,Oevel,Oui,Anvers
6850,Offagne,Oui,Luxembourg
7862,Ogy,Oui,Hainaut
1380,Ohain,Oui,Brabant Wallon
5350,OHEY,Non,Namur
5670,Oignies-En-Thiérache,Oui,Namur
1480,Oisquercq,Oui,Brabant Wallon
5555,Oizy,Oui,Namur
9400,Okegem,Oui,Flandre-Orientale
2250,OLEN,Non,Anvers
4300,Oleye,Oui,Liège
7866,Ollignies,Oui,Hainaut
5670,Olloy-Sur-Viroin,Oui,Namur
2491,Olmen,Oui,Anvers
4877,OLNE,Non,Liège
9870,Olsene,Oui,Flandre-Orientale
4252,Omal,Oui,Liège
4540,Ombret,Oui,Liège
5600,Omezée,Oui,Namur
6900,On,Oui,Luxembourg
5520,ONHAYE,Non,Namur
9500,Onkerzele,Oui,Flandre-Orientale
7387,Onnezies,Oui,Hainaut
5190,Onoz,Oui,Namur
1760,Onze-Lieve-Vrouw-Lombeek,Oui,Brabant Flamand
2861,Onze-Lieve-Vrouw-Waver,Oui,Anvers
8710,Ooigem,Oui,Flandre-Occidentale
9700,Ooike,Oui,Flandre-Orientale
9790,Ooike,Oui,Flandre-Orientale
9520,Oombergen,Oui,Flandre-Orientale
9620,Oombergen,Oui,Flandre-Orientale
3300,Oorbeek,Oui,Brabant Flamand
9340,Oordegem,Oui,Flandre-Orientale
9041,Oostakker,Oui,Flandre-Orientale
8670,Oostduinkerke,Oui,Flandre-Occidentale
9968,Oosteeklo,Oui,Flandre-Orientale
8400,OOSTENDE,Non,Flandre-Occidentale
9860,OOSTERZELE,Non,Flandre-Orientale
3945,Oostham,Oui,Limbourg
8020,OOSTKAMP,Non,Flandre-Occidentale
8340,Oostkerke,Oui,Flandre-Occidentale
8600,Oostkerke,Oui,Flandre-Occidentale
2390,Oostmalle,Oui,Anvers
8840,Oostnieuwkerke,Oui,Flandre-Occidentale
8780,OOSTROZEBEKE,Non,Flandre-Occidentale
8640,Oostvleteren,Oui,Flandre-Occidentale
9931,Oostwinkel,Oui,Flandre-Orientale
9660,Opbrakel,Oui,Flandre-Orientale
9255,Opdorp,Oui,Flandre-Orientale
3660,OPGLABBEEK,Non,Limbourg
3630,Opgrimbie,Oui,Limbourg
1421,Ophain-Bois-Seigneur-Isaac,Oui,Brabant Wallon
9500,Ophasselt,Oui,Flandre-Orientale
3870,Opheers,Oui,Limbourg
1357,Opheylissem,Oui,Brabant Wallon
3640,Ophoven,Oui,Limbourg
3960,Opitter,Oui,Limbourg
3300,Oplinter,Oui,Brabant Flamand
3680,Opoeteren,Oui,Limbourg
6852,Opont,Oui,Luxembourg
1315,Opprebais,Oui,Brabant Wallon
2890,Oppuurs,Oui,Anvers
3360,Opvelp,Oui,Brabant Flamand
1745,OPWIJK,Non,Brabant Flamand
1360,Orbais,Oui,Brabant Wallon
5550,Orchimont,Oui,Namur
7501,Orcq,Oui,Hainaut
3800,Ordingen,Oui,Limbourg
5640,Oret,Oui,Namur
4360,OREYE,Non,Liège
6880,Orgeo,Oui,Luxembourg
7802,Ormeignies,Oui,Hainaut
1350,ORP-JAUCHE,Non,Brabant Wallon
1350,Orp-Le-Grand,Oui,Brabant Wallon
7750,Orroir,Oui,Hainaut
3350,Orsmaal-Gussenhoven,Oui,Brabant Flamand
6983,Ortho,Oui,Luxembourg
7804,Ostiches,Oui,Hainaut
8553,Otegem,Oui,Flandre-Occidentale
4210,Oteppe,Oui,Liège
4340,Othée,Oui,Liège
4360,Otrange,Oui,Liège
3040,Ottenburg,Oui,Brabant Flamand
9420,Ottergem,Oui,Flandre-Orientale
1340,Ottignies,Oui,Brabant Wallon
1340,OTTIGNIES-LOUVAIN-LA-NEUVE,Non,Brabant Wallon
3050,OUD-HEVERLEE,Non,Brabant Flamand
2360,OUD-TURNHOUT,Non,Anvers
9200,Oudegem,Oui,Flandre-Orientale
8600,Oudekapelle,Oui,Flandre-Occidentale
9700,OUDENAARDE,Non,Flandre-Orientale
1600,Oudenaken,Oui,Brabant Flamand
8460,OUDENBURG,Non,Flandre-Occidentale
4590,OUFFET,Non,Liège
4102,Ougrée,Oui,Liège
4680,OUPEYE,Non,Liège
9406,Outer,Oui,Flandre-Orientale
3321,Outgaarden,Oui,Brabant Flamand
4577,Outrelouxhe,Oui,Liège
8582,Outrijve,Oui,Flandre-Occidentale
9750,Ouwegem,Oui,Flandre-Orientale
9500,Overboelare,Oui,Flandre-Orientale
3350,Overhespen,Oui,Brabant Flamand
3090,OVERIJSE,Non,Brabant Flamand
9290,Overmere,Oui,Flandre-Orientale
3900,OVERPELT,Non,Limbourg
3700,Overrepen,Oui,Limbourg
3400,Overwinden,Oui,Brabant Flamand
3583,Paal,Oui,Limbourg
4452,Paifve,Oui,Liège
4560,Pailhe,Oui,Liège
6850,PALISEUL,Non,Luxembourg
1760,Pamel,Oui,Brabant Flamand
7861,Papignies,Oui,Hainaut
9661,Parike,Oui,Flandre-Orientale
8980,Passendale,Oui,Flandre-Occidentale
5575,Patignies,Oui,Namur
7340,Paturages,Oui,Hainaut
9630,Paulatem,Oui,Flandre-Orientale
7740,PECQ,Non,Hainaut
3990,PEER,Non,Limbourg
7120,Peissant,Oui,Hainaut
4287,Pellaines,Oui,Liège
3212,Pellenberg,Oui,Brabant Flamand
1670,PEPINGEN,Non,Brabant Flamand
4860,PEPINSTER,Non,Liège
1820,Perk,Oui,Brabant Flamand
7640,Péronnes-Lez-Antoing,Oui,Hainaut
7134,Péronnes-Lez-Binche,Oui,Hainaut
7600,PÉRUWELZ,Non,Hainaut
8600,Pervijze,Oui,Flandre-Occidentale
1360,PERWEZ,Non,Brabant Wallon
5352,Perwez-Haillot,Oui,Namur
5660,Pesche,Oui,Namur
5590,Pessoux,Oui,Namur
9800,Petegem-Aan-De-Leie,Oui,Flandre-Orientale
9790,Petegem-Aan-De-Schelde,Oui,Flandre-Orientale
5660,Petigny,Oui,Namur
7850,Petit-Enghien,Oui,Hainaut
5555,Petit-Fays,Oui,Namur
4280,Petit-Hallet,Oui,Liège
4800,Petit-Rechain,Oui,Liège
7090,Petit-Roeulx-Lez-Braine,Oui,Hainaut
7181,Petit-Roeulx-Lez-Nivelles,Oui,Hainaut
6692,Petit-Thier,Oui,Luxembourg
5660,Petite-Chapelle,Oui,Namur
1800,Peutie,Oui,Brabant Flamand
5600,PHILIPPEVILLE,Non,Namur
7160,Piéton,Oui,Hainaut
1370,Piétrain,Oui,Brabant Wallon
1315,Piètrebais,Oui,Brabant Wallon
7904,Pipaix,Oui,Hainaut
3700,Piringen,Oui,Limbourg
6240,Pironchamps,Oui,Hainaut
8740,PITTEM,Non,Flandre-Occidentale
4122,Plainevaux,Oui,Liège
1380,Plancenoit,Oui,Brabant Wallon
7782,Ploegsteert,Oui,Hainaut
4850,PLOMBIÈRES,Non,Liège
2275,Poederlee,Oui,Anvers
9880,Poeke,Oui,Flandre-Orientale
8920,Poelkapelle,Oui,Flandre-Occidentale
9850,Poesele,Oui,Flandre-Orientale
9401,Pollare,Oui,Flandre-Orientale
4800,Polleur,Oui,Liège
4910,Polleur,Oui,Liège
8647,Pollinkhove,Oui,Flandre-Occidentale
7322,Pommeroeul,Oui,Hainaut
5574,Pondrôme,Oui,Namur
6230,PONT-À-CELLES,Non,Hainaut
6250,Pont-De-Loup,Oui,Hainaut
5380,Pontillas,Oui,Namur
8970,POPERINGE,Non,Flandre-Occidentale
2382,Poppel,Oui,Anvers
7760,Popuelles,Oui,Hainaut
5370,Porcheresse,Oui,Namur
6929,Porcheresse,Oui,Luxembourg
7760,Pottes,Oui,Hainaut
4280,Poucet,Oui,Liège
4171,Poulseur,Oui,Liège
6830,Poupehan,Oui,Luxembourg
4350,Pousset,Oui,Liège
5660,Presgaux,Oui,Namur
6250,Presles,Oui,Hainaut
5170,PROFONDEVILLE,Non,Namur
8972,Proven,Oui,Flandre-Occidentale
5650,Pry,Oui,Namur
2242,Pulderbos,Oui,Anvers
2243,Pulle,Oui,Anvers
5530,Purnode,Oui,Namur
5550,Pussemange,Oui,Namur
2580,PUTTE,Non,Anvers
2870,PUURS,Non,Anvers
7390,QUAREGNON,Non,Hainaut
7540,Quartes,Oui,Hainaut
1430,Quenast,Oui,Brabant Wallon
4610,Queue-Du-Bois,Oui,Liège
7972,Quevaucamps,Oui,Hainaut
7040,QUÉVY,Non,Hainaut
7040,Quévy-Le-Grand,Oui,Hainaut
7040,Quévy-Le-Petit,Oui,Hainaut
7380,QUIÉVRAIN,Non,Hainaut
6792,Rachecourt,Oui,Luxembourg
4287,Racour,Oui,Liège
4730,RAEREN,Non,Liège
6532,Ragnies,Oui,Hainaut
4987,Rahier,Oui,Liège
7971,Ramegnies,Oui,Hainaut
7520,Ramegnies-Chin,Oui,Hainaut
4557,Ramelot,Oui,Liège
1367,RAMILLIES,Non,Brabant Wallon
1880,Ramsdonk,Oui,Brabant Flamand
2230,Ramsel,Oui,Anvers
8301,Ramskapelle,Oui,Flandre-Occidentale
8620,Ramskapelle,Oui,Flandre-Occidentale
6470,Rance,Oui,Hainaut
6043,Ransart,Oui,Hainaut
3470,Ransberg,Oui,Brabant Flamand
2520,RANST,Non,Anvers
2380,RAVELS,Non,Anvers
7804,Rebaix,Oui,Hainaut
1430,REBECQ,Non,Brabant Wallon
1430,Rebecq-Rognon,Oui,Brabant Wallon
4780,Recht,Oui,Liège
6800,Recogne,Oui,Luxembourg
6890,Redu,Oui,Luxembourg
2840,Reet,Oui,Anvers
3621,Rekem,Oui,Limbourg
8930,Rekkem,Oui,Flandre-Occidentale
1731,Relegem,Oui,Brabant Flamand
6800,Remagne,Oui,Luxembourg
3791,Remersdaal,Oui,Limbourg
4350,REMICOURT,Non,Liège
9600,RENAIX,Non,Flandre-Orientale
6987,RENDEUX,Non,Luxembourg
8647,Reninge,Oui,Flandre-Occidentale
8970,Reningelst,Oui,Flandre-Occidentale
6500,Renlies,Oui,Hainaut
3950,Reppel,Oui,Limbourg
7134,Ressaix,Oui,Hainaut
9551,Ressegem,Oui,Flandre-Orientale
6927,Resteigne,Oui,Luxembourg
2470,RETIE,Non,Anvers
4621,Retinne,Oui,Liège
4790,Reuland,Oui,Liège
6210,Rèves,Oui,Hainaut
5080,Rhisnes,Oui,Namur
1640,RHODE-SAINT-GENÈSE,Non,Brabant Flamand
4600,Richelle,Oui,Liège
3770,RIEMST,Non,Limbourg
5575,Rienne,Oui,Namur
6464,Rièzes,Oui,Hainaut
3840,Rijkel,Oui,Limbourg
2310,RIJKEVORSEL,Non,Anvers
3740,Rijkhoven,Oui,Limbourg
2820,Rijmenam,Oui,Anvers
3700,Riksingen,Oui,Limbourg
3202,Rillaar,Oui,Brabant Flamand
5170,Rivière,Oui,Namur
1330,RIXENSART,Non,Brabant Wallon
6460,Robechies,Oui,Hainaut
6769,Robelmont,Oui,Luxembourg
4950,Robertville,Oui,Liège
9630,Roborst,Oui,Flandre-Orientale
5580,ROCHEFORT,Non,Namur
6830,Rochehaut,Oui,Luxembourg
4761,Rocherath,Oui,Liège
4690,Roclenge-Sur-Geer,Oui,Liège
4000,Rocourt,Oui,Liège
8972,Roesbrugge-Haringe,Oui,Flandre-Occidentale
8800,ROESELARE,Non,Flandre-Occidentale
5651,Rognée,Oui,Namur
7387,Roisin,Oui,Hainaut
8460,Roksem,Oui,Flandre-Occidentale
8510,Rollegem,Oui,Flandre-Occidentale
8880,Rollegem-Kapelle,Oui,Flandre-Occidentale
4347,Roloux,Oui,Liège
5600,Roly,Oui,Namur
5600,Romedenne,Oui,Namur
5680,Romerée,Oui,Namur
3730,Romershoven,Oui,Limbourg
4624,Romsée,Oui,Liège
7623,Rongy,Oui,Hainaut
7090,Ronquières,Oui,Hainaut
9932,Ronsele,Oui,Flandre-Orientale
3370,Roosbeek,Oui,Brabant Flamand
1760,ROOSDAAL,Non,Brabant Flamand
5620,Rosée,Oui,Namur
6250,Roselies,Oui,Hainaut
1331,Rosières,Oui,Brabant Wallon
3740,Rosmeer,Oui,Limbourg
4257,Rosoux-Crenwick,Oui,Liège
6730,Rossignol,Oui,Luxembourg
3650,Rotem,Oui,Limbourg
4120,Rotheux-Rimière,Oui,Liège
3110,ROTSELAAR,Non,Brabant Flamand
7601,Roucourt,Oui,Hainaut
7120,Rouveroy,Oui,Hainaut
4140,Rouvreux,Oui,Liège
6767,ROUVROY,Non,Luxembourg
6044,Roux,Oui,Hainaut
1315,Roux-Miroir,Oui,Brabant Wallon
6900,Roy,Oui,Luxembourg
9630,Rozebeke,Oui,Flandre-Orientale
8020,Ruddervoorde,Oui,Flandre-Occidentale
6760,Ruette,Oui,Luxembourg
9690,Ruien,Oui,Flandre-Orientale
1601,Ruisbroek,Oui,Brabant Flamand
2870,Ruisbroek,Oui,Anvers
8755,RUISELEDE,Non,Flandre-Occidentale
3870,Rukkelingen-Loon,Oui,Limbourg
6724,Rulles,Oui,Luxembourg
8800,Rumbeke,Oui,Flandre-Occidentale
7610,RUMES,Non,Hainaut
7540,Rumillies,Oui,Hainaut
3454,Rummen,Oui,Brabant Flamand
3400,Rumsdorp,Oui,Brabant Flamand
2840,RUMST,Non,Anvers
3803,Runkelen,Oui,Limbourg
9150,Rupelmonde,Oui,Flandre-Orientale
7750,Russeignies,Oui,Hainaut
3700,Rutten,Oui,Limbourg
6221,Saint-Amand,Oui,Hainaut
4606,Saint-André,Oui,Liège
5620,Saint-Aubin,Oui,Namur
7034,Saint-Denis,Oui,Hainaut
5081,Saint-Denis-Bovesse,Oui,Namur
4470,SAINT-GEORGES-SUR-MEUSE,Non,Liège
5640,Saint-Gérard,Oui,Namur
5310,Saint-Germain,Oui,Namur
1450,Saint-Géry,Oui,Brabant Wallon
7330,SAINT-GHISLAIN,Non,Hainaut
1060,SAINT-GILLES,Non,Bruxelles (19 communes)
6870,SAINT-HUBERT,Non,Luxembourg
1370,Saint-Jean-Geest,Oui,Brabant Wallon
1210,SAINT-JOSSE-TEN-NOODE,Non,Bruxelles (19 communes)
6747,SAINT-LÉGER,Non,Luxembourg
7730,Saint-Léger,Oui,Hainaut
5003,Saint-Marc,Oui,Namur
6762,Saint-Mard,Oui,Luxembourg
5190,Saint-Martin,Oui,Namur
7500,Saint-Maur,Oui,Hainaut
6887,Saint-Médard,Oui,Luxembourg
4420,SAINT-NICOLAS,Non,Liège
6800,Saint-Pierre,Oui,Luxembourg
4672,Saint-Remy,Oui,Liège
6460,Saint-Remy,Oui,Hainaut
1370,Saint-Remy-Geest,Oui,Brabant Wallon
7912,Saint-Sauveur,Oui,Hainaut
5002,Saint-Servais,Oui,Namur
4550,Saint-Séverin,Oui,Liège
7030,Saint-Symphorien,Oui,Hainaut
7100,Saint-Vaast,Oui,Hainaut
6730,Saint-Vincent,Oui,Luxembourg
4780,SAINT-VITH,Non,Liège
6820,Sainte-Cécile,Oui,Luxembourg
6800,Sainte-Marie-Chevigny,Oui,Luxembourg
6740,Sainte-Marie-Sur-Semois,Oui,Luxembourg
6680,SAINTE-ODE,Non,Luxembourg
1480,Saintes,Oui,Brabant Wallon
4671,Saive,Oui,Liège
6460,Salles,Oui,Hainaut
5600,Samart,Oui,Namur
5060,SAMBREVILLE,Non,Namur
6982,Samrée,Oui,Luxembourg
7080,Sars-La-Bruyère,Oui,Hainaut
6542,Sars-La-Buissière,Oui,Hainaut
5330,Sart-Bernard,Oui,Namur
5575,Sart-Custinne,Oui,Namur
1495,Sart-Dames-Avelines,Oui,Brabant Wallon
5600,Sart-En-Fagne,Oui,Namur
5070,Sart-Eustache,Oui,Namur
4845,Sart-Lez-Spa,Oui,Liège
5070,Sart-Saint-Laurent,Oui,Namur
6470,Sautin,Oui,Hainaut
5600,Sautour,Oui,Namur
5030,Sauvenière,Oui,Namur
1030,SCHAERBEEK,Non,Bruxelles (19 communes)
3290,Schaffen,Oui,Brabant Flamand
3732,Schalkhoven,Oui,Limbourg
5364,Schaltin,Oui,Namur
9820,Schelderode,Oui,Flandre-Orientale
9860,Scheldewindeke,Oui,Flandre-Orientale
2627,SCHELLE,Non,Anvers
9260,Schellebelle,Oui,Flandre-Orientale
9506,Schendelbeke,Oui,Flandre-Orientale
1703,Schepdaal,Oui,Brabant Flamand
3270,Scherpenheuvel,Oui,Brabant Flamand
3270,SCHERPENHEUVEL-ZICHEM,Non,Brabant Flamand
2970,SCHILDE,Non,Anvers
4782,Schoenberg,Oui,Liège
9200,Schoonaarde,Oui,Flandre-Orientale
8433,Schore,Oui,Flandre-Occidentale
9688,Schorisse,Oui,Flandre-Orientale
2900,SCHOTEN,Non,Anvers
2223,Schriek,Oui,Anvers
8700,Schuiferskapelle,Oui,Flandre-Occidentale
3540,Schulen,Oui,Limbourg
5300,Sclayn,Oui,Namur
5361,Scy,Oui,Namur
5300,Seilles,Oui,Namur
6781,Sélange,Oui,Luxembourg
6596,Seloignes,Oui,Hainaut
9890,Semmerzake,Oui,Flandre-Orientale
7180,SENEFFE,Non,Hainaut
6832,Sensenruth,Oui,Luxembourg
4557,Seny,Oui,Liège
5630,Senzeille,Oui,Namur
6940,Septon,Oui,Luxembourg
4100,SERAING,Non,Liège
4537,Seraing-Le-Château,Oui,Liège
5590,Serinchamps,Oui,Namur
9260,Serskamp,Oui,Flandre-Orientale
5521,Serville,Oui,Namur
6640,Sibret,Oui,Luxembourg
6750,Signeulx,Oui,Luxembourg
8340,Sijsele,Oui,Flandre-Occidentale
5630,Silenrieux,Oui,Namur
7830,SILLY,Non,Hainaut
9112,Sinaai-Waas,Oui,Flandre-Orientale
5377,Sinsin,Oui,Namur
3040,Sint-Agatha-Rode,Oui,Brabant Flamand
2890,SINT-AMANDS,Non,Anvers
9040,Sint-Amandsberg,Oui,Flandre-Orientale
8200,Sint-Andries,Oui,Flandre-Occidentale
9550,Sint-Antelinks,Oui,Flandre-Orientale
8710,Sint-Baafs-Vijve,Oui,Flandre-Occidentale
9630,Sint-Blasius-Boekel,Oui,Flandre-Orientale
8554,Sint-Denijs,Oui,Flandre-Occidentale
9630,Sint-Denijs-Boekel,Oui,Flandre-Orientale
9051,Sint-Denijs-Westrem,Oui,Flandre-Orientale
8793,Sint-Eloois-Vijve,Oui,Flandre-Occidentale
8880,Sint-Eloois-Winkel,Oui,Flandre-Occidentale
9200,Sint-Gillis-Dendermonde,Oui,Flandre-Orientale
9170,SINT-GILLIS-WAAS,Non,Flandre-Orientale
9620,Sint-Goriks-Oudenhove,Oui,Flandre-Orientale
3730,Sint-Huibrechts-Hern,Oui,Limbourg
3910,Sint-Huibrechts-Lille,Oui,Limbourg
8600,Sint-Jacobs-Kapelle,Oui,Flandre-Occidentale
8900,Sint-Jan,Oui,Flandre-Occidentale
9982,Sint-Jan-In-Eremo,Oui,Flandre-Orientale
2960,Sint-Job-In-'T-Goor,Oui,Anvers
8620,Sint-Joris,Oui,Flandre-Occidentale
8730,Sint-Joris,Oui,Flandre-Occidentale
3051,Sint-Joris-Weert,Oui,Brabant Flamand
3390,Sint-Joris-Winge,Oui,Brabant Flamand
2860,SINT-KATELIJNE-WAVER,Non,Anvers
1742,Sint-Katherina-Lombeek,Oui,Brabant Flamand
9667,Sint-Kornelis-Horebeke,Oui,Flandre-Orientale
8310,Sint-Kruis,Oui,Flandre-Occidentale
9042,Sint-Kruis-Winkel,Oui,Flandre-Orientale
1750,Sint-Kwintens-Lennik,Oui,Brabant Flamand
3500,Sint-Lambrechts-Herk,Oui,Limbourg
9980,SINT-LAUREINS,Non,Flandre-Orientale
1600,Sint-Laureins-Berchem,Oui,Brabant Flamand
2960,Sint-Lenaarts,Oui,Anvers
9550,Sint-Lievens-Esse,Oui,Flandre-Orientale
9520,SINT-LIEVENS-HOUTEM,Non,Flandre-Orientale
9981,Sint-Margriete,Oui,Flandre-Orientale
3300,Sint-Margriete-Houtem,Oui,Brabant Flamand
3470,Sint-Margriete-Houtem,Oui,Brabant Flamand
9667,Sint-Maria-Horebeke,Oui,Flandre-Orientale
9630,Sint-Maria-Latem,Oui,Flandre-Orientale
9570,Sint-Maria-Lierde,Oui,Flandre-Orientale
9620,Sint-Maria-Oudenhove,Oui,Flandre-Orientale
9660,Sint-Maria-Oudenhove,Oui,Flandre-Orientale
1700,Sint-Martens-Bodegem,Oui,Brabant Flamand
9830,SINT-MARTENS-LATEM,Non,Flandre-Orientale
9800,Sint-Martens-Leerne,Oui,Flandre-Orientale
1750,Sint-Martens-Lennik,Oui,Brabant Flamand
9572,Sint-Martens-Lierde,Oui,Flandre-Orientale
8200,Sint-Michiels,Oui,Flandre-Occidentale
9100,SINT-NIKLAAS,Non,Flandre-Orientale
9170,Sint-Pauwels,Oui,Flandre-Orientale
1541,Sint-Pieters-Kapelle,Oui,Brabant Flamand
8433,Sint-Pieters-Kapelle,Oui,Flandre-Occidentale
1600,SINT-PIETERS-LEEUW,Non,Brabant Flamand
3220,Sint-Pieters-Rode,Oui,Brabant Flamand
8690,Sint-Rijkers,Oui,Flandre-Occidentale
1932,Sint-Stevens-Woluwe,Oui,Brabant Flamand
3800,SINT-TRUIDEN,Non,Limbourg
1700,Sint-Ulriks-Kapelle,Oui,Brabant Flamand
4851,Sippenaeken,Oui,Liège
7332,Sirault,Oui,Hainaut
6470,Sivry,Oui,Hainaut
6470,SIVRY-RANCE,Non,Hainaut
9940,Sleidinge,Oui,Flandre-Orientale
8433,Slijpe,Oui,Flandre-Occidentale
4450,Slins,Oui,Liège
3700,Sluizen,Oui,Limbourg
9506,Smeerebbe-Vloerzegem,Oui,Flandre-Orientale
9340,Smetlede,Oui,Flandre-Orientale
6890,Smuid,Oui,Luxembourg
8470,Snaaskerke,Oui,Flandre-Occidentale
8490,Snellegem,Oui,Flandre-Occidentale
4557,Soheit-Tinlot,Oui,Liège
6920,Sohier,Oui,Luxembourg
7060,SOIGNIES,Non,Hainaut
4861,Soiron,Oui,Liège
6500,Solre-Saint-Géry,Oui,Hainaut
6560,Solre-Sur-Sambre,Oui,Hainaut
5140,SOMBREFFE,Non,Namur
5377,SOMME-LEUZE,Non,Namur
6769,Sommethonne,Oui,Luxembourg
5523,Sommière,Oui,Namur
5651,Somzée,Oui,Namur
5340,Sorée,Oui,Namur
5333,Sorinne-La-Longue,Oui,Namur
5503,Sorinnes,Oui,Namur
5537,Sosoye,Oui,Namur
4920,Sougné-Remouchamps,Oui,Liège
5680,Soulme,Oui,Namur
4630,SOUMAGNE,Non,Liège
5630,Soumoy,Oui,Namur
4950,Sourbrodt,Oui,Liège
6182,Souvret,Oui,Hainaut
5590,Sovet,Oui,Namur
6997,Soy,Oui,Luxembourg
5150,Soye,Oui,Namur
4900,SPA,Non,Liège
3510,Spalbeek,Oui,Limbourg
7032,Spiennes,Oui,Hainaut
5530,Spontin,Oui,Namur
4140,SPRIMONT,Non,Liège
5190,Spy,Oui,Namur
2940,STABROEK,Non,Anvers
8840,STADEN,Non,Flandre-Occidentale
8490,Stalhille,Oui,Flandre-Occidentale
7973,Stambruges,Oui,Hainaut
5646,Stave,Oui,Namur
8691,Stavele,Oui,Flandre-Occidentale
4970,STAVELOT,Non,Liège
9140,Steendorp,Oui,Flandre-Orientale
1840,Steenhuffel,Oui,Brabant Flamand
9550,Steenhuize-Wijnhuize,Oui,Flandre-Orientale
8630,Steenkerke,Oui,Flandre-Occidentale
7090,Steenkerque,Oui,Hainaut
1820,STEENOKKERZEEL,Non,Brabant Flamand
9190,STEKENE,Non,Flandre-Orientale
4801,Stembert,Oui,Liège
8400,Stene,Oui,Flandre-Occidentale
1933,Sterrebeek,Oui,Brabant Flamand
3512,Stevoort,Oui,Limbourg
3650,Stokkem,Oui,Limbourg
3511,Stokrooie,Oui,Limbourg
4987,STOUMONT,Non,Liège
6887,Straimont,Oui,Luxembourg
6511,Strée,Oui,Hainaut
4577,Strée-Lez-Huy,Oui,Liège
7110,Strépy-Bracquegnies,Oui,Hainaut
9620,Strijpen,Oui,Flandre-Orientale
1760,Strijtem,Oui,Brabant Flamand
1853,Strombeek-Bever,Oui,Brabant Flamand
8600,Stuivekenskerke,Oui,Flandre-Occidentale
5020,Suarlée,Oui,Namur
5550,Sugny,Oui,Namur
5600,Surice,Oui,Namur
6812,Suxy,Oui,Luxembourg
6661,Tailles,Oui,Luxembourg
7618,Taintignies,Oui,Hainaut
5060,Tamines,Oui,Namur
5651,Tarcienne,Oui,Namur
4163,Tavier,Oui,Liège
5310,Taviers,Oui,Namur
6662,Tavigny,Oui,Luxembourg
6927,TELLIN,Non,Luxembourg
7520,Templeuve,Oui,Hainaut
5020,Temploux,Oui,Namur
9140,TEMSE,Non,Flandre-Orientale
6970,TENNEVILLE,Non,Luxembourg
1790,Teralfene,Oui,Brabant Flamand
2840,Terhagen,Oui,Anvers
6813,Termes,Oui,Luxembourg
1740,TERNAT,Non,Brabant Flamand
7333,Tertre,Oui,Hainaut
3080,TERVUREN,Non,Brabant Flamand
4560,Terwagne,Oui,Liège
3980,TESSENDERLO,Non,Limbourg
3272,Testelt,Oui,Brabant Flamand
3793,Teuven,Oui,Limbourg
4910,THEUX,Non,Liège
6717,Thiaumont,Oui,Luxembourg
7070,Thieu,Oui,Hainaut
7901,Thieulain,Oui,Hainaut
7061,Thieusies,Oui,Hainaut
6230,Thiméon,Oui,Hainaut
4890,Thimister,Oui,Liège
4890,THIMISTER-CLERMONT,Non,Liège
7533,Thimougies,Oui,Hainaut
1402,Thines,Oui,Brabant Wallon
6500,Thirimont,Oui,Hainaut
4280,Thisnes,Oui,Liège
4791,Thommen,Oui,Liège
5300,Thon,Oui,Namur
1360,Thorembais-Les-Béguines,Oui,Brabant Wallon
1360,Thorembais-Saint-Trond,Oui,Brabant Wallon
7830,Thoricourt,Oui,Hainaut
6536,Thuillies,Oui,Hainaut
6530,THUIN,Non,Hainaut
7350,Thulin,Oui,Hainaut
7971,Thumaide,Oui,Hainaut
5621,Thy-Le-Baudouin,Oui,Namur
5651,Thy-Le-Château,Oui,Namur
5502,Thynes,Oui,Namur
4367,Thys,Oui,Liège
8573,Tiegem,Oui,Flandre-Occidentale
2460,Tielen,Oui,Anvers
9140,Tielrode,Oui,Flandre-Orientale
3390,Tielt,Oui,Brabant Flamand
8700,TIELT,Non,Flandre-Occidentale
3390,TIELT-WINGE,Non,Brabant Flamand
3300,TIENEN,Non,Brabant Flamand
4630,Tignée,Oui,Liège
4500,Tihange,Oui,Liège
3150,Tildonk,Oui,Brabant Flamand
4130,Tilff,Oui,Liège
6680,Tillet,Oui,Luxembourg
4420,Tilleur,Oui,Liège
5380,Tillier,Oui,Namur
1495,Tilly,Oui,Brabant Wallon
4557,TINLOT,Non,Liège
6637,Tintange,Oui,Luxembourg
6730,TINTIGNY,Non,Luxembourg
2830,Tisselt,Oui,Anvers
6700,Toernich,Oui,Luxembourg
6941,Tohogne,Oui,Luxembourg
1570,Tollembeek,Oui,Brabant Flamand
3700,TONGEREN,Non,Limbourg
2260,Tongerlo,Oui,Anvers
3960,Tongerlo,Oui,Limbourg
7951,Tongre-Notre-Dame,Oui,Hainaut
7950,Tongre-Saint-Martin,Oui,Hainaut
5140,Tongrinne,Oui,Namur
6717,Tontelange,Oui,Luxembourg
6767,Torgny,Oui,Luxembourg
8820,TORHOUT,Non,Flandre-Occidentale
4263,Tourinne,Oui,Liège
1320,Tourinnes-La-Grosse,Oui,Brabant Wallon
1457,Tourinnes-Saint-Lambert,Oui,Brabant Wallon
7500,TOURNAI,Non,Hainaut
6840,Tournay,Oui,Luxembourg
7904,Tourpes,Oui,Hainaut
6890,Transinne,Oui,Luxembourg
6183,Trazegnies,Oui,Hainaut
5670,Treignes,Oui,Namur
4670,Trembleur,Oui,Liège
3120,TREMELO,Non,Brabant Flamand
7100,Trivières,Oui,Hainaut
4280,Trognée,Oui,Liège
4980,TROIS-PONTS,Non,Liège
4870,TROOZ,Non,Liège
1480,TUBIZE,Non,Brabant Wallon
2300,TURNHOUT,Non,Anvers
1180,UCCLE,Non,Bruxelles (19 communes)
6833,Ucimont,Oui,Luxembourg
3631,Uikhoven,Oui,Limbourg
9290,Uitbergen,Oui,Flandre-Orientale
8370,Uitkerke,Oui,Flandre-Occidentale
3832,Ulbeek,Oui,Limbourg
5310,Upigny,Oui,Namur
9910,Ursel,Oui,Flandre-Orientale
3054,Vaalbeek,Oui,Brabant Flamand
3770,Val-Meer,Oui,Limbourg
6741,Vance,Oui,Luxembourg
2431,Varendonk,Oui,Anvers
8490,Varsenare,Oui,Flandre-Occidentale
5680,Vaucelles,Oui,Namur
7536,Vaulx,Oui,Hainaut
6462,Vaulx-Lez-Chimay,Oui,Hainaut
6960,Vaux-Chavanne,Oui,Luxembourg
4530,Vaux-Et-Borset,Oui,Liège
6640,Vaux-Lez-Rosières,Oui,Luxembourg
4051,Vaux-Sous-Chèvremont,Oui,Liège
6640,VAUX-SUR-SÛRE,Non,Luxembourg
3870,Vechmaal,Oui,Limbourg
5020,Vedrin,Oui,Namur
2431,Veerle,Oui,Anvers
5060,Velaine-Sur-Sambre,Oui,Namur
7760,Velaines,Oui,Hainaut
8210,Veldegem,Oui,Flandre-Occidentale
3620,Veldwezelt,Oui,Limbourg
7120,Vellereille-Le-Sec,Oui,Hainaut
7120,Vellereille-Les-Brayeux,Oui,Hainaut
3806,Velm,Oui,Limbourg
4460,Velroux,Oui,Liège
3020,Veltem-Beisem,Oui,Brabant Flamand
9620,Velzeke-Ruddershove,Oui,Flandre-Orientale
5575,Vencimont,Oui,Namur
6440,Vergnies,Oui,Hainaut
4537,VERLAINE,Non,Liège
5370,Verlée,Oui,Namur
9130,Verrebroek,Oui,Flandre-Orientale
3370,Vertrijk,Oui,Brabant Flamand
4800,VERVIERS,Non,Liège
6870,Vesqueville,Oui,Luxembourg
3870,Veulen,Oui,Limbourg
8630,VEURNE,Non,Flandre-Occidentale
5300,Vezin,Oui,Namur
7538,Vezon,Oui,Hainaut
9500,Viane,Oui,Flandre-Orientale
8570,Vichte,Oui,Flandre-Occidentale
6690,VIELSALM,Non,Luxembourg
4317,Viemme,Oui,Liège
2240,Viersel,Oui,Anvers
4577,Vierset-Barse,Oui,Liège
5670,Vierves-Sur-Viroin,Oui,Namur
6230,Viesville,Oui,Hainaut
1472,Vieux-Genappe,Oui,Brabant Wallon
4530,Vieux-Waleffe,Oui,Liège
4190,Vieuxville,Oui,Liège
6890,Villance,Oui,Luxembourg
4260,Ville-En-Hesbaye,Oui,Liège
7322,Ville-Pommeroeul,Oui,Hainaut
7070,Ville-Sur-Haine,Oui,Hainaut
7334,Villerot,Oui,Hainaut
4161,Villers-Aux-Tours,Oui,Liège
5630,Villers-Deux-Eglises,Oui,Namur
6823,Villers-Devant-Orval,Oui,Luxembourg
5600,Villers-En-Fagne,Oui,Namur
4340,Villers-L'Evêque,Oui,Liège
6600,Villers-La-Bonne-Eau,Oui,Luxembourg
6769,Villers-La-Loue,Oui,Luxembourg
6460,Villers-La-Tour,Oui,Hainaut
1495,VILLERS-LA-VILLE,Non,Brabant Wallon
4530,VILLERS-LE-BOUILLET,Non,Liège
5600,Villers-Le-Gambon,Oui,Namur
4280,Villers-Le-Peuplier,Oui,Liège
4550,Villers-Le-Temple,Oui,Liège
5080,Villers-Lez-Heest,Oui,Namur
7812,Villers-Notre-Dame,Oui,Hainaut
6210,Villers-Perwin,Oui,Hainaut
6280,Villers-Poterie,Oui,Hainaut
7812,Villers-Saint-Amand,Oui,Hainaut
7031,Villers-Saint-Ghislain,Oui,Hainaut
4453,Villers-Saint-Siméon,Oui,Liège
6941,Villers-Sainte-Gertrude,Oui,Luxembourg
5580,Villers-Sur-Lesse,Oui,Namur
6740,Villers-Sur-Semois,Oui,Luxembourg
1800,VILVOORDE,Non,Brabant Flamand
4520,Vinalmont,Oui,Liège
9921,Vinderhoute,Oui,Flandre-Orientale
8630,Vinkem,Oui,Flandre-Occidentale
9800,Vinkt,Oui,Flandre-Orientale
6461,Virelles,Oui,Hainaut
1460,Virginal-Samme,Oui,Brabant Wallon
5670,VIROINVAL,Non,Namur
6760,VIRTON,Non,Luxembourg
4600,VISÉ,Non,Liège
3300,Vissenaken,Oui,Brabant Flamand
5070,Vitrival,Oui,Namur
4683,Vivegnis,Oui,Liège
6833,Vivy,Oui,Luxembourg
8600,Vladslo,Oui,Flandre-Occidentale
8908,Vlamertinge,Oui,Flandre-Occidentale
9420,Vlekkem,Oui,Flandre-Orientale
8640,VLETEREN,Non,Flandre-Occidentale
1602,Vlezenbeek,Oui,Brabant Flamand
3724,Vliermaal,Oui,Limbourg
3721,Vliermaalroot,Oui,Limbourg
9520,Vlierzele,Oui,Flandre-Orientale
3770,Vlijtingen,Oui,Limbourg
2340,Vlimmeren,Oui,Anvers
8421,Vlissegem,Oui,Flandre-Occidentale
5600,Vodecée,Oui,Namur
5680,Vodelée,Oui,Namur
5650,Vogenée,Oui,Namur
9700,Volkegem,Oui,Flandre-Orientale
1570,Vollezele,Oui,Brabant Flamand
5570,Vonêche,Oui,Namur
9400,Voorde,Oui,Flandre-Orientale
8902,Voormezele,Oui,Flandre-Occidentale
3840,Voort,Oui,Limbourg
4347,Voroux-Goreux,Oui,Liège
4451,Voroux-Lez-Liers,Oui,Liège
2290,VORSELAAR,Non,Anvers
3890,Vorsen,Oui,Limbourg
2430,Vorst,Oui,Anvers
2350,VOSSELAAR,Non,Anvers
9850,Vosselare,Oui,Flandre-Orientale
3080,Vossem,Oui,Brabant Flamand
4041,Vottem,Oui,Liège
9120,Vrasene,Oui,Flandre-Orientale
2531,Vremde,Oui,Anvers
3700,Vreren,Oui,Limbourg
5550,VRESSE-SUR-SEMOIS,Non,Namur
3770,Vroenhoven,Oui,Limbourg
3630,Vucht,Oui,Limbourg
9890,Vurste,Oui,Flandre-Orientale
4570,Vyle-Et-Tharoul,Oui,Liège
3473,Waanrode,Oui,Brabant Flamand
9506,Waarbeke,Oui,Flandre-Orientale
8020,Waardamme,Oui,Flandre-Occidentale
2550,Waarloos,Oui,Anvers
8581,Waarmaarde,Oui,Flandre-Occidentale
9950,WAARSCHOOT,Non,Flandre-Orientale
3401,Waasmont,Oui,Brabant Flamand
9250,WAASMUNSTER,Non,Flandre-Orientale
9185,WACHTEBEKE,Non,Flandre-Orientale
7971,Wadelincourt,Oui,Hainaut
6223,Wagnelée,Oui,Hainaut
6900,Waha,Oui,Luxembourg
5377,Waillet,Oui,Namur
4950,WAIMES,Non,Liège
8720,Wakken,Oui,Flandre-Occidentale
5650,WALCOURT,Non,Namur
2800,Walem,Oui,Anvers
1457,WALHAIN,Non,Brabant Wallon
1457,Walhain-Saint-Paul,Oui,Brabant Wallon
4711,Walhorn,Oui,Liège
3401,Walsbets,Oui,Brabant Flamand
3401,Walshoutem,Oui,Brabant Flamand
3740,Waltwilder,Oui,Limbourg
1741,Wambeek,Oui,Brabant Flamand
5570,Wancennes,Oui,Namur
4020,Wandre,Oui,Liège
6224,Wanfercée-Baulet,Oui,Hainaut
3400,Wange,Oui,Brabant Flamand
6220,Wangenies,Oui,Hainaut
5564,Wanlin,Oui,Namur
4980,Wanne,Oui,Liège
7861,Wannebecq,Oui,Hainaut
9772,Wannegem-Lede,Oui,Flandre-Orientale
4280,Wansin,Oui,Liège
4520,WANZE,Non,Liège
9340,Wanzele,Oui,Flandre-Orientale
7548,Warchin,Oui,Hainaut
7740,Warcoing,Oui,Hainaut
6600,Wardin,Oui,Luxembourg
8790,WAREGEM,Non,Flandre-Occidentale
4300,WAREMME,Non,Liège
4217,Waret-L'Evêque,Oui,Liège
5310,Waret-La-Chaussée,Oui,Namur
5080,Warisoulx,Oui,Namur
5537,Warnant,Oui,Namur
4530,Warnant-Dreye,Oui,Liège
7784,Warneton,Oui,Hainaut
7340,Warquignies,Oui,Hainaut
4608,Warsage,Oui,Liège
4590,Warzée,Oui,Liège
7340,Wasmes,Oui,Hainaut
7604,Wasmes-Audemez-Briffoeil,Oui,Hainaut
7390,Wasmuel,Oui,Hainaut
4219,WASSEIGES,Non,Liège
9988,Waterland-Oudeman,Oui,Flandre-Orientale
1410,WATERLOO,Non,Brabant Wallon
1170,WATERMAEL-BOITSFORT,Non,Bruxelles (19 communes)
9988,Watervliet,Oui,Flandre-Orientale
8978,Watou,Oui,Flandre-Occidentale
7910,Wattripont,Oui,Hainaut
7131,Waudrez,Oui,Hainaut
5540,Waulsort,Oui,Namur
1440,Wauthier-Braine,Oui,Brabant Wallon
1300,WAVRE,Non,Brabant Wallon
5580,Wavreille,Oui,Namur
6210,Wayaux,Oui,Hainaut
1474,Ways,Oui,Brabant Wallon
3290,Webbekom,Oui,Brabant Flamand
2275,Wechelderzande,Oui,Anvers
2381,Weelde,Oui,Anvers
1982,Weerde,Oui,Brabant Flamand
2880,Weert,Oui,Anvers
4860,Wegnez,Oui,Liège
5523,Weillen,Oui,Namur
9700,Welden,Oui,Flandre-Orientale
4840,WELKENRAEDT,Non,Liège
9473,Welle,Oui,Flandre-Orientale
3830,WELLEN,Non,Limbourg
6920,WELLIN,Non,Luxembourg
1780,WEMMEL,Non,Brabant Flamand
8420,Wenduine,Oui,Flandre-Occidentale
5100,Wépion,Oui,Namur
4190,Werbomont,Oui,Liège
3118,Werchter,Oui,Brabant Flamand
6940,Wéris,Oui,Luxembourg
8610,Werken,Oui,Flandre-Occidentale
3730,Werm,Oui,Limbourg
8940,WERVIK,Non,Flandre-Occidentale
3150,Wespelaar,Oui,Brabant Flamand
8434,Westende,Oui,Flandre-Occidentale
2260,WESTERLO,Non,Anvers
8300,Westkapelle,Oui,Flandre-Occidentale
8460,Westkerke,Oui,Flandre-Occidentale
2390,Westmalle,Oui,Anvers
2235,Westmeerbeek,Oui,Anvers
8954,Westouter,Oui,Flandre-Occidentale
9230,Westrem,Oui,Flandre-Orientale
8840,Westrozebeke,Oui,Flandre-Occidentale
8640,Westvleteren,Oui,Flandre-Occidentale
9230,WETTEREN,Non,Flandre-Orientale
8560,WEVELGEM,Non,Flandre-Occidentale
7620,Wez-Velvain,Oui,Hainaut
3111,Wezemaal,Oui,Brabant Flamand
1970,WEZEMBEEK-OPPEM,Non,Brabant Flamand
3401,Wezeren,Oui,Brabant Flamand
6666,Wibrin,Oui,Luxembourg
9260,WICHELEN,Non,Flandre-Orientale
3700,Widooie,Oui,Limbourg
2222,Wiekevorst,Oui,Anvers
8710,WIELSBEKE,Non,Flandre-Occidentale
5100,Wierde,Oui,Namur
7608,Wiers,Oui,Hainaut
5571,Wiesme,Oui,Namur
9280,Wieze,Oui,Flandre-Orientale
7370,Wihéries,Oui,Hainaut
4452,Wihogne,Oui,Liège
3990,Wijchmaal,Oui,Limbourg
3850,Wijer,Oui,Limbourg
3018,Wijgmaal,Oui,Brabant Flamand
2110,WIJNEGEM,Non,Anvers
3670,Wijshagen,Oui,Limbourg
8953,Wijtschate,Oui,Flandre-Occidentale
3803,Wilderen,Oui,Limbourg
7904,Willaupuis,Oui,Hainaut
3370,Willebringen,Oui,Brabant Flamand
2830,WILLEBROEK,Non,Anvers
7506,Willemeau,Oui,Hainaut
5575,Willerzie,Oui,Namur
2610,Wilrijk,Oui,Anvers
3012,Wilsele,Oui,Brabant Flamand
8431,Wilskerke,Oui,Flandre-Occidentale
3501,Wimmertingen,Oui,Limbourg
5570,Winenne,Oui,Namur
8750,WINGENE,Non,Flandre-Occidentale
3020,Winksele,Oui,Brabant Flamand
3722,Wintershoven,Oui,Limbourg
6860,Witry,Oui,Luxembourg
7890,Wodecq,Oui,Hainaut
8640,Woesten,Oui,Flandre-Occidentale
6780,Wolkrange,Oui,Luxembourg
1200,WOLUWE-SAINT-LAMBERT,Non,Bruxelles (19 communes)
1150,WOLUWE-SAINT-PIERRE,Non,Bruxelles (19 communes)
1861,Wolvertem,Oui,Brabant Flamand
2160,WOMMELGEM,Non,Anvers
3350,Wommersom,Oui,Brabant Flamand
4690,Wonck,Oui,Liège
9032,Wondelgem,Oui,Flandre-Orientale
9800,Wontergem,Oui,Flandre-Orientale
9790,Wortegem,Oui,Flandre-Orientale
9790,WORTEGEM-PETEGEM,Non,Flandre-Orientale
2323,Wortel,Oui,Anvers
9550,Woubrechtegem,Oui,Flandre-Orientale
8600,Woumen,Oui,Flandre-Occidentale
8670,Wulpen,Oui,Flandre-Occidentale
8952,Wulvergem,Oui,Flandre-Occidentale
8630,Wulveringem,Oui,Flandre-Occidentale
2990,WUUSTWEZEL,Non,Anvers
4652,Xhendelesse,Oui,Liège
4432,Xhendremael,Oui,Liège
4190,Xhoris,Oui,Liège
4550,Yernée-Fraineux,Oui,Liège
5650,Yves-Gomezée,Oui,Namur
5530,YVOIR,Non,Namur
9080,Zaffelare,Oui,Flandre-Orientale
9506,Zandbergen,Oui,Flandre-Orientale
8680,Zande,Oui,Flandre-Occidentale
2240,ZANDHOVEN,Non,Anvers
2040,Zandvliet,Oui,Anvers
8400,Zandvoorde,Oui,Flandre-Occidentale
8980,Zandvoorde,Oui,Flandre-Occidentale
9500,Zarlardinge,Oui,Flandre-Orientale
8610,Zarren,Oui,Flandre-Occidentale
1930,ZAVENTEM,Non,Brabant Flamand
8210,ZEDELGEM,Non,Flandre-Occidentale
8380,Zeebrugge,Oui,Flandre-Occidentale
9660,Zegelsem,Oui,Flandre-Orientale
9240,ZELE,Non,Flandre-Orientale
3545,Zelem,Oui,Limbourg
1731,Zellik,Oui,Brabant Flamand
9060,ZELZATE,Non,Flandre-Orientale
1980,ZEMST,Non,Brabant Flamand
3800,Zepperen,Oui,Limbourg
8490,Zerkegem,Oui,Flandre-Occidentale
1370,Zétrud-Lumay,Oui,Brabant Wallon
8470,Zevekote,Oui,Flandre-Occidentale
9080,Zeveneken,Oui,Flandre-Orientale
9800,Zeveren,Oui,Flandre-Orientale
9840,Zevergem,Oui,Flandre-Orientale
3271,Zichem,Oui,Brabant Flamand
3770,Zichen-Zussen-Bolder,Oui,Limbourg
8902,Zillebeke,Oui,Flandre-Occidentale
9750,ZINGEM,Non,Flandre-Orientale
2260,Zoerle-Parwijs,Oui,Anvers
2980,ZOERSEL,Non,Anvers
3550,Zolder,Oui,Limbourg
9930,ZOMERGEM,Non,Flandre-Orientale
3520,ZONHOVEN,Non,Limbourg
8980,ZONNEBEKE,Non,Flandre-Occidentale
9520,Zonnegem,Oui,Flandre-Orientale
9620,ZOTTEGEM,Non,Flandre-Orientale
8630,Zoutenaaie,Oui,Flandre-Occidentale
3440,ZOUTLEEUW,Non,Brabant Flamand
8904,Zuidschote,Oui,Flandre-Occidentale
8377,ZUIENKERKE,Non,Flandre-Occidentale
9870,ZULTE,Non,Flandre-Orientale
9690,Zulzeke,Oui,Flandre-Orientale
3690,ZUTENDAAL,Non,Limbourg
9630,ZWALM,Non,Flandre-Orientale
8550,ZWEVEGEM,Non,Flandre-Occidentale
8750,Zwevezele,Oui,Flandre-Occidentale
9052,Zwijnaarde,Oui,Flandre-Orientale
2070,ZWIJNDRECHT,Non,Anvers
